"Correlation_Id","Dispatch_Id","Agent_Id","Queue_Id","Process_Id","Thread_Id","Grid_Size","Kernel_Id","Kernel_Name","Workgroup_Size","LDS_Block_Size","Scratch_Size","VGPR_Count","Accum_VGPR_Count","SGPR_Count","Counter_Name","Counter_Value","Start_Timestamp","End_Timestamp"
1,1,"Agent 1",1,21528,21528,163840,27,"void mul_mat_vec_q<(MType)18, 1, false, 1, false>(void const*, void const*, void const*, float*, unsigned int, unsigned int, unsigned int, unsigned int)",32,512,0,80,0,128,"GL2C_HIT",12956.000000,6546655108580,6546655241381
1,1,"Agent 1",1,21528,21528,163840,27,"void mul_mat_vec_q<(MType)18, 1, false, 1, false>(void const*, void const*, void const*, float*, unsigned int, unsigned int, unsigned int, unsigned int)",32,512,0,80,0,128,"GL2C_MISS",182681.000000,6546655108580,6546655241381
1,1,"Agent 1",1,21528,21528,163840,27,"void mul_mat_vec_q<(MType)18, 1, false, 1, false>(void const*, void const*, void const*, float*, unsigned int, unsigned int, unsigned int, unsigned int)",32,512,0,80,0,128,"GRBM_GUI_ACTIVE",414922.000000,6546655108580,6546655241381
1,1,"Agent 1",1,21528,21528,163840,27,"void mul_mat_vec_q<(MType)18, 1, false, 1, false>(void const*, void const*, void const*, float*, unsigned int, unsigned int, unsigned int, unsigned int)",32,512,0,80,0,128,"SQ_BUSY_CYCLES",9422756.000000,6546655108580,6546655241381
1,1,"Agent 1",1,21528,21528,163840,27,"void mul_mat_vec_q<(MType)18, 1, false, 1, false>(void const*, void const*, void const*, float*, unsigned int, unsigned int, unsigned int, unsigned int)",32,512,0,80,0,128,"SQ_INSTS_VALU",31841280.000000,6546655108580,6546655241381
1,1,"Agent 1",1,21528,21528,163840,27,"void mul_mat_vec_q<(MType)18, 1, false, 1, false>(void const*, void const*, void const*, float*, unsigned int, unsigned int, unsigned int, unsigned int)",32,512,0,80,0,128,"SQ_INST_CYCLES_VMEM",1807360.000000,6546655108580,6546655241381
1,1,"Agent 1",1,21528,21528,163840,27,"void mul_mat_vec_q<(MType)18, 1, false, 1, false>(void const*, void const*, void const*, float*, unsigned int, unsigned int, unsigned int, unsigned int)",32,512,0,80,0,128,"SQ_WAIT_INST_ANY",366641644.000000,6546655108580,6546655241381
1,1,"Agent 1",1,21528,21528,163840,27,"void mul_mat_vec_q<(MType)18, 1, false, 1, false>(void const*, void const*, void const*, float*, unsigned int, unsigned int, unsigned int, unsigned int)",32,512,0,80,0,128,"SQ_WAVES",5120.000000,6546655108580,6546655241381
1,1,"Agent 1",1,21528,21528,163840,27,"void mul_mat_vec_q<(MType)18, 1, false, 1, false>(void const*, void const*, void const*, float*, unsigned int, unsigned int, unsigned int, unsigned int)",32,512,0,80,0,128,"SQ_WAVE_CYCLES",500531681.000000,6546655108580,6546655241381
2,2,"Agent 1",1,21528,21528,163840,27,"void mul_mat_vec_q<(MType)18, 1, false, 1, false>(void const*, void const*, void const*, float*, unsigned int, unsigned int, unsigned int, unsigned int)",32,512,0,80,0,128,"GL2C_HIT",11956.000000,6546656702505,6546656831066
2,2,"Agent 1",1,21528,21528,163840,27,"void mul_mat_vec_q<(MType)18, 1, false, 1, false>(void const*, void const*, void const*, float*, unsigned int, unsigned int, unsigned int, unsigned int)",32,512,0,80,0,128,"GL2C_MISS",182691.000000,6546656702505,6546656831066
2,2,"Agent 1",1,21528,21528,163840,27,"void mul_mat_vec_q<(MType)18, 1, false, 1, false>(void const*, void const*, void const*, float*, unsigned int, unsigned int, unsigned int, unsigned int)",32,512,0,80,0,128,"GRBM_GUI_ACTIVE",400111.000000,6546656702505,6546656831066
2,2,"Agent 1",1,21528,21528,163840,27,"void mul_mat_vec_q<(MType)18, 1, false, 1, false>(void const*, void const*, void const*, float*, unsigned int, unsigned int, unsigned int, unsigned int)",32,512,0,80,0,128,"SQ_BUSY_CYCLES",9175005.000000,6546656702505,6546656831066
2,2,"Agent 1",1,21528,21528,163840,27,"void mul_mat_vec_q<(MType)18, 1, false, 1, false>(void const*, void const*, void const*, float*, unsigned int, unsigned int, unsigned int, unsigned int)",32,512,0,80,0,128,"SQ_INSTS_VALU",31841280.000000,6546656702505,6546656831066
2,2,"Agent 1",1,21528,21528,163840,27,"void mul_mat_vec_q<(MType)18, 1, false, 1, false>(void const*, void const*, void const*, float*, unsigned int, unsigned int, unsigned int, unsigned int)",32,512,0,80,0,128,"SQ_INST_CYCLES_VMEM",1807360.000000,6546656702505,6546656831066
2,2,"Agent 1",1,21528,21528,163840,27,"void mul_mat_vec_q<(MType)18, 1, false, 1, false>(void const*, void const*, void const*, float*, unsigned int, unsigned int, unsigned int, unsigned int)",32,512,0,80,0,128,"SQ_WAIT_INST_ANY",373499779.000000,6546656702505,6546656831066
2,2,"Agent 1",1,21528,21528,163840,27,"void mul_mat_vec_q<(MType)18, 1, false, 1, false>(void const*, void const*, void const*, float*, unsigned int, unsigned int, unsigned int, unsigned int)",32,512,0,80,0,128,"SQ_WAVES",5120.000000,6546656702505,6546656831066
2,2,"Agent 1",1,21528,21528,163840,27,"void mul_mat_vec_q<(MType)18, 1, false, 1, false>(void const*, void const*, void const*, float*, unsigned int, unsigned int, unsigned int, unsigned int)",32,512,0,80,0,128,"SQ_WAVE_CYCLES",484182942.000000,6546656702505,6546656831066
3,3,"Agent 1",1,21528,21528,163840,27,"void mul_mat_vec_q<(MType)18, 1, false, 1, false>(void const*, void const*, void const*, float*, unsigned int, unsigned int, unsigned int, unsigned int)",32,512,0,80,0,128,"GL2C_HIT",11947.000000,6546657036947,6546657165787
3,3,"Agent 1",1,21528,21528,163840,27,"void mul_mat_vec_q<(MType)18, 1, false, 1, false>(void const*, void const*, void const*, float*, unsigned int, unsigned int, unsigned int, unsigned int)",32,512,0,80,0,128,"GL2C_MISS",182702.000000,6546657036947,6546657165787
3,3,"Agent 1",1,21528,21528,163840,27,"void mul_mat_vec_q<(MType)18, 1, false, 1, false>(void const*, void const*, void const*, float*, unsigned int, unsigned int, unsigned int, unsigned int)",32,512,0,80,0,128,"GRBM_GUI_ACTIVE",383446.000000,6546657036947,6546657165787
3,3,"Agent 1",1,21528,21528,163840,27,"void mul_mat_vec_q<(MType)18, 1, false, 1, false>(void const*, void const*, void const*, float*, unsigned int, unsigned int, unsigned int, unsigned int)",32,512,0,80,0,128,"SQ_BUSY_CYCLES",9161317.000000,6546657036947,6546657165787
3,3,"Agent 1",1,21528,21528,163840,27,"void mul_mat_vec_q<(MType)18, 1, false, 1, false>(void const*, void const*, void const*, float*, unsigned int, unsigned int, unsigned int, unsigned int)",32,512,0,80,0,128,"SQ_INSTS_VALU",31841280.000000,6546657036947,6546657165787
3,3,"Agent 1",1,21528,21528,163840,27,"void mul_mat_vec_q<(MType)18, 1, false, 1, false>(void const*, void const*, void const*, float*, unsigned int, unsigned int, unsigned int, unsigned int)",32,512,0,80,0,128,"SQ_INST_CYCLES_VMEM",1807360.000000,6546657036947,6546657165787
3,3,"Agent 1",1,21528,21528,163840,27,"void mul_mat_vec_q<(MType)18, 1, false, 1, false>(void const*, void const*, void const*, float*, unsigned int, unsigned int, unsigned int, unsigned int)",32,512,0,80,0,128,"SQ_WAIT_INST_ANY",373527969.000000,6546657036947,6546657165787
3,3,"Agent 1",1,21528,21528,163840,27,"void mul_mat_vec_q<(MType)18, 1, false, 1, false>(void const*, void const*, void const*, float*, unsigned int, unsigned int, unsigned int, unsigned int)",32,512,0,80,0,128,"SQ_WAVES",5120.000000,6546657036947,6546657165787
3,3,"Agent 1",1,21528,21528,163840,27,"void mul_mat_vec_q<(MType)18, 1, false, 1, false>(void const*, void const*, void const*, float*, unsigned int, unsigned int, unsigned int, unsigned int)",32,512,0,80,0,128,"SQ_WAVE_CYCLES",483598970.000000,6546657036947,6546657165787
4,4,"Agent 1",1,21528,21528,163840,27,"void mul_mat_vec_q<(MType)18, 1, false, 1, false>(void const*, void const*, void const*, float*, unsigned int, unsigned int, unsigned int, unsigned int)",32,512,0,80,0,128,"GL2C_HIT",11935.000000,6546657380668,6546657509508
4,4,"Agent 1",1,21528,21528,163840,27,"void mul_mat_vec_q<(MType)18, 1, false, 1, false>(void const*, void const*, void const*, float*, unsigned int, unsigned int, unsigned int, unsigned int)",32,512,0,80,0,128,"GL2C_MISS",182696.000000,6546657380668,6546657509508
4,4,"Agent 1",1,21528,21528,163840,27,"void mul_mat_vec_q<(MType)18, 1, false, 1, false>(void const*, void const*, void const*, float*, unsigned int, unsigned int, unsigned int, unsigned int)",32,512,0,80,0,128,"GRBM_GUI_ACTIVE",384104.000000,6546657380668,6546657509508
4,4,"Agent 1",1,21528,21528,163840,27,"void mul_mat_vec_q<(MType)18, 1, false, 1, false>(void const*, void const*, void const*, float*, unsigned int, unsigned int, unsigned int, unsigned int)",32,512,0,80,0,128,"SQ_BUSY_CYCLES",9170192.000000,6546657380668,6546657509508
4,4,"Agent 1",1,21528,21528,163840,27,"void mul_mat_vec_q<(MType)18, 1, false, 1, false>(void const*, void const*, void const*, float*, unsigned int, unsigned int, unsigned int, unsigned int)",32,512,0,80,0,128,"SQ_INSTS_VALU",31841280.000000,6546657380668,6546657509508
4,4,"Agent 1",1,21528,21528,163840,27,"void mul_mat_vec_q<(MType)18, 1, false, 1, false>(void const*, void const*, void const*, float*, unsigned int, unsigned int, unsigned int, unsigned int)",32,512,0,80,0,128,"SQ_INST_CYCLES_VMEM",1807360.000000,6546657380668,6546657509508
4,4,"Agent 1",1,21528,21528,163840,27,"void mul_mat_vec_q<(MType)18, 1, false, 1, false>(void const*, void const*, void const*, float*, unsigned int, unsigned int, unsigned int, unsigned int)",32,512,0,80,0,128,"SQ_WAIT_INST_ANY",373568674.000000,6546657380668,6546657509508
4,4,"Agent 1",1,21528,21528,163840,27,"void mul_mat_vec_q<(MType)18, 1, false, 1, false>(void const*, void const*, void const*, float*, unsigned int, unsigned int, unsigned int, unsigned int)",32,512,0,80,0,128,"SQ_WAVES",5120.000000,6546657380668,6546657509508
4,4,"Agent 1",1,21528,21528,163840,27,"void mul_mat_vec_q<(MType)18, 1, false, 1, false>(void const*, void const*, void const*, float*, unsigned int, unsigned int, unsigned int, unsigned int)",32,512,0,80,0,128,"SQ_WAVE_CYCLES",484038528.000000,6546657380668,6546657509508
5,5,"Agent 1",1,21528,21528,163840,27,"void mul_mat_vec_q<(MType)18, 1, false, 1, false>(void const*, void const*, void const*, float*, unsigned int, unsigned int, unsigned int, unsigned int)",32,512,0,80,0,128,"GL2C_HIT",11889.000000,6546657706389,6546657835269
5,5,"Agent 1",1,21528,21528,163840,27,"void mul_mat_vec_q<(MType)18, 1, false, 1, false>(void const*, void const*, void const*, float*, unsigned int, unsigned int, unsigned int, unsigned int)",32,512,0,80,0,128,"GL2C_MISS",182765.000000,6546657706389,6546657835269
5,5,"Agent 1",1,21528,21528,163840,27,"void mul_mat_vec_q<(MType)18, 1, false, 1, false>(void const*, void const*, void const*, float*, unsigned int, unsigned int, unsigned int, unsigned int)",32,512,0,80,0,128,"GRBM_GUI_ACTIVE",385159.000000,6546657706389,6546657835269
5,5,"Agent 1",1,21528,21528,163840,27,"void mul_mat_vec_q<(MType)18, 1, false, 1, false>(void const*, void const*, void const*, float*, unsigned int, unsigned int, unsigned int, unsigned int)",32,512,0,80,0,128,"SQ_BUSY_CYCLES",9165056.000000,6546657706389,6546657835269
5,5,"Agent 1",1,21528,21528,163840,27,"void mul_mat_vec_q<(MType)18, 1, false, 1, false>(void const*, void const*, void const*, float*, unsigned int, unsigned int, unsigned int, unsigned int)",32,512,0,80,0,128,"SQ_INSTS_VALU",31841280.000000,6546657706389,6546657835269
5,5,"Agent 1",1,21528,21528,163840,27,"void mul_mat_vec_q<(MType)18, 1, false, 1, false>(void const*, void const*, void const*, float*, unsigned int, unsigned int, unsigned int, unsigned int)",32,512,0,80,0,128,"SQ_INST_CYCLES_VMEM",1807360.000000,6546657706389,6546657835269
5,5,"Agent 1",1,21528,21528,163840,27,"void mul_mat_vec_q<(MType)18, 1, false, 1, false>(void const*, void const*, void const*, float*, unsigned int, unsigned int, unsigned int, unsigned int)",32,512,0,80,0,128,"SQ_WAIT_INST_ANY",373522270.000000,6546657706389,6546657835269
5,5,"Agent 1",1,21528,21528,163840,27,"void mul_mat_vec_q<(MType)18, 1, false, 1, false>(void const*, void const*, void const*, float*, unsigned int, unsigned int, unsigned int, unsigned int)",32,512,0,80,0,128,"SQ_WAVES",5120.000000,6546657706389,6546657835269
5,5,"Agent 1",1,21528,21528,163840,27,"void mul_mat_vec_q<(MType)18, 1, false, 1, false>(void const*, void const*, void const*, float*, unsigned int, unsigned int, unsigned int, unsigned int)",32,512,0,80,0,128,"SQ_WAVE_CYCLES",483732646.000000,6546657706389,6546657835269
6,6,"Agent 1",1,21528,21528,163840,27,"void mul_mat_vec_q<(MType)18, 1, false, 1, false>(void const*, void const*, void const*, float*, unsigned int, unsigned int, unsigned int, unsigned int)",32,512,0,80,0,128,"GL2C_HIT",11941.000000,6546658046790,6546658175591
6,6,"Agent 1",1,21528,21528,163840,27,"void mul_mat_vec_q<(MType)18, 1, false, 1, false>(void const*, void const*, void const*, float*, unsigned int, unsigned int, unsigned int, unsigned int)",32,512,0,80,0,128,"GL2C_MISS",182726.000000,6546658046790,6546658175591
6,6,"Agent 1",1,21528,21528,163840,27,"void mul_mat_vec_q<(MType)18, 1, false, 1, false>(void const*, void const*, void const*, float*, unsigned int, unsigned int, unsigned int, unsigned int)",32,512,0,80,0,128,"GRBM_GUI_ACTIVE",384009.000000,6546658046790,6546658175591
6,6,"Agent 1",1,21528,21528,163840,27,"void mul_mat_vec_q<(MType)18, 1, false, 1, false>(void const*, void const*, void const*, float*, unsigned int, unsigned int, unsigned int, unsigned int)",32,512,0,80,0,128,"SQ_BUSY_CYCLES",9162078.000000,6546658046790,6546658175591
6,6,"Agent 1",1,21528,21528,163840,27,"void mul_mat_vec_q<(MType)18, 1, false, 1, false>(void const*, void const*, void const*, float*, unsigned int, unsigned int, unsigned int, unsigned int)",32,512,0,80,0,128,"SQ_INSTS_VALU",31841280.000000,6546658046790,6546658175591
6,6,"Agent 1",1,21528,21528,163840,27,"void mul_mat_vec_q<(MType)18, 1, false, 1, false>(void const*, void const*, void const*, float*, unsigned int, unsigned int, unsigned int, unsigned int)",32,512,0,80,0,128,"SQ_INST_CYCLES_VMEM",1807360.000000,6546658046790,6546658175591
6,6,"Agent 1",1,21528,21528,163840,27,"void mul_mat_vec_q<(MType)18, 1, false, 1, false>(void const*, void const*, void const*, float*, unsigned int, unsigned int, unsigned int, unsigned int)",32,512,0,80,0,128,"SQ_WAIT_INST_ANY",373559288.000000,6546658046790,6546658175591
6,6,"Agent 1",1,21528,21528,163840,27,"void mul_mat_vec_q<(MType)18, 1, false, 1, false>(void const*, void const*, void const*, float*, unsigned int, unsigned int, unsigned int, unsigned int)",32,512,0,80,0,128,"SQ_WAVES",5120.000000,6546658046790,6546658175591
6,6,"Agent 1",1,21528,21528,163840,27,"void mul_mat_vec_q<(MType)18, 1, false, 1, false>(void const*, void const*, void const*, float*, unsigned int, unsigned int, unsigned int, unsigned int)",32,512,0,80,0,128,"SQ_WAVE_CYCLES",483508378.000000,6546658046790,6546658175591
7,7,"Agent 1",1,21528,21528,163840,27,"void mul_mat_vec_q<(MType)18, 1, false, 1, false>(void const*, void const*, void const*, float*, unsigned int, unsigned int, unsigned int, unsigned int)",32,512,0,80,0,128,"GL2C_HIT",12018.000000,6546658386712,6546658515432
7,7,"Agent 1",1,21528,21528,163840,27,"void mul_mat_vec_q<(MType)18, 1, false, 1, false>(void const*, void const*, void const*, float*, unsigned int, unsigned int, unsigned int, unsigned int)",32,512,0,80,0,128,"GL2C_MISS",182685.000000,6546658386712,6546658515432
7,7,"Agent 1",1,21528,21528,163840,27,"void mul_mat_vec_q<(MType)18, 1, false, 1, false>(void const*, void const*, void const*, float*, unsigned int, unsigned int, unsigned int, unsigned int)",32,512,0,80,0,128,"GRBM_GUI_ACTIVE",384123.000000,6546658386712,6546658515432
7,7,"Agent 1",1,21528,21528,163840,27,"void mul_mat_vec_q<(MType)18, 1, false, 1, false>(void const*, void const*, void const*, float*, unsigned int, unsigned int, unsigned int, unsigned int)",32,512,0,80,0,128,"SQ_BUSY_CYCLES",9153808.000000,6546658386712,6546658515432
7,7,"Agent 1",1,21528,21528,163840,27,"void mul_mat_vec_q<(MType)18, 1, false, 1, false>(void const*, void const*, void const*, float*, unsigned int, unsigned int, unsigned int, unsigned int)",32,512,0,80,0,128,"SQ_INSTS_VALU",31841280.000000,6546658386712,6546658515432
7,7,"Agent 1",1,21528,21528,163840,27,"void mul_mat_vec_q<(MType)18, 1, false, 1, false>(void const*, void const*, void const*, float*, unsigned int, unsigned int, unsigned int, unsigned int)",32,512,0,80,0,128,"SQ_INST_CYCLES_VMEM",1807360.000000,6546658386712,6546658515432
7,7,"Agent 1",1,21528,21528,163840,27,"void mul_mat_vec_q<(MType)18, 1, false, 1, false>(void const*, void const*, void const*, float*, unsigned int, unsigned int, unsigned int, unsigned int)",32,512,0,80,0,128,"SQ_WAIT_INST_ANY",373569109.000000,6546658386712,6546658515432
7,7,"Agent 1",1,21528,21528,163840,27,"void mul_mat_vec_q<(MType)18, 1, false, 1, false>(void const*, void const*, void const*, float*, unsigned int, unsigned int, unsigned int, unsigned int)",32,512,0,80,0,128,"SQ_WAVES",5120.000000,6546658386712,6546658515432
7,7,"Agent 1",1,21528,21528,163840,27,"void mul_mat_vec_q<(MType)18, 1, false, 1, false>(void const*, void const*, void const*, float*, unsigned int, unsigned int, unsigned int, unsigned int)",32,512,0,80,0,128,"SQ_WAVE_CYCLES",483551000.000000,6546658386712,6546658515432
8,8,"Agent 1",1,21528,21528,163840,27,"void mul_mat_vec_q<(MType)18, 1, false, 1, false>(void const*, void const*, void const*, float*, unsigned int, unsigned int, unsigned int, unsigned int)",32,512,0,80,0,128,"GL2C_HIT",11946.000000,6546658711833,6546658840713
8,8,"Agent 1",1,21528,21528,163840,27,"void mul_mat_vec_q<(MType)18, 1, false, 1, false>(void const*, void const*, void const*, float*, unsigned int, unsigned int, unsigned int, unsigned int)",32,512,0,80,0,128,"GL2C_MISS",182699.000000,6546658711833,6546658840713
8,8,"Agent 1",1,21528,21528,163840,27,"void mul_mat_vec_q<(MType)18, 1, false, 1, false>(void const*, void const*, void const*, float*, unsigned int, unsigned int, unsigned int, unsigned int)",32,512,0,80,0,128,"GRBM_GUI_ACTIVE",384042.000000,6546658711833,6546658840713
8,8,"Agent 1",1,21528,21528,163840,27,"void mul_mat_vec_q<(MType)18, 1, false, 1, false>(void const*, void const*, void const*, float*, unsigned int, unsigned int, unsigned int, unsigned int)",32,512,0,80,0,128,"SQ_BUSY_CYCLES",9162790.000000,6546658711833,6546658840713
8,8,"Agent 1",1,21528,21528,163840,27,"void mul_mat_vec_q<(MType)18, 1, false, 1, false>(void const*, void const*, void const*, float*, unsigned int, unsigned int, unsigned int, unsigned int)",32,512,0,80,0,128,"SQ_INSTS_VALU",31841280.000000,6546658711833,6546658840713
8,8,"Agent 1",1,21528,21528,163840,27,"void mul_mat_vec_q<(MType)18, 1, false, 1, false>(void const*, void const*, void const*, float*, unsigned int, unsigned int, unsigned int, unsigned int)",32,512,0,80,0,128,"SQ_INST_CYCLES_VMEM",1807360.000000,6546658711833,6546658840713
8,8,"Agent 1",1,21528,21528,163840,27,"void mul_mat_vec_q<(MType)18, 1, false, 1, false>(void const*, void const*, void const*, float*, unsigned int, unsigned int, unsigned int, unsigned int)",32,512,0,80,0,128,"SQ_WAIT_INST_ANY",373606642.000000,6546658711833,6546658840713
8,8,"Agent 1",1,21528,21528,163840,27,"void mul_mat_vec_q<(MType)18, 1, false, 1, false>(void const*, void const*, void const*, float*, unsigned int, unsigned int, unsigned int, unsigned int)",32,512,0,80,0,128,"SQ_WAVES",5120.000000,6546658711833,6546658840713
8,8,"Agent 1",1,21528,21528,163840,27,"void mul_mat_vec_q<(MType)18, 1, false, 1, false>(void const*, void const*, void const*, float*, unsigned int, unsigned int, unsigned int, unsigned int)",32,512,0,80,0,128,"SQ_WAVE_CYCLES",483922796.000000,6546658711833,6546658840713
9,9,"Agent 1",1,21528,21528,163840,27,"void mul_mat_vec_q<(MType)18, 1, false, 1, false>(void const*, void const*, void const*, float*, unsigned int, unsigned int, unsigned int, unsigned int)",32,512,0,80,0,128,"GL2C_HIT",11920.000000,6546659038874,6546659168034
9,9,"Agent 1",1,21528,21528,163840,27,"void mul_mat_vec_q<(MType)18, 1, false, 1, false>(void const*, void const*, void const*, float*, unsigned int, unsigned int, unsigned int, unsigned int)",32,512,0,80,0,128,"GL2C_MISS",182789.000000,6546659038874,6546659168034
9,9,"Agent 1",1,21528,21528,163840,27,"void mul_mat_vec_q<(MType)18, 1, false, 1, false>(void const*, void const*, void const*, float*, unsigned int, unsigned int, unsigned int, unsigned int)",32,512,0,80,0,128,"GRBM_GUI_ACTIVE",385619.000000,6546659038874,6546659168034
9,9,"Agent 1",1,21528,21528,163840,27,"void mul_mat_vec_q<(MType)18, 1, false, 1, false>(void const*, void const*, void const*, float*, unsigned int, unsigned int, unsigned int, unsigned int)",32,512,0,80,0,128,"SQ_BUSY_CYCLES",9153152.000000,6546659038874,6546659168034
9,9,"Agent 1",1,21528,21528,163840,27,"void mul_mat_vec_q<(MType)18, 1, false, 1, false>(void const*, void const*, void const*, float*, unsigned int, unsigned int, unsigned int, unsigned int)",32,512,0,80,0,128,"SQ_INSTS_VALU",31841280.000000,6546659038874,6546659168034
9,9,"Agent 1",1,21528,21528,163840,27,"void mul_mat_vec_q<(MType)18, 1, false, 1, false>(void const*, void const*, void const*, float*, unsigned int, unsigned int, unsigned int, unsigned int)",32,512,0,80,0,128,"SQ_INST_CYCLES_VMEM",1807360.000000,6546659038874,6546659168034
9,9,"Agent 1",1,21528,21528,163840,27,"void mul_mat_vec_q<(MType)18, 1, false, 1, false>(void const*, void const*, void const*, float*, unsigned int, unsigned int, unsigned int, unsigned int)",32,512,0,80,0,128,"SQ_WAIT_INST_ANY",373562553.000000,6546659038874,6546659168034
9,9,"Agent 1",1,21528,21528,163840,27,"void mul_mat_vec_q<(MType)18, 1, false, 1, false>(void const*, void const*, void const*, float*, unsigned int, unsigned int, unsigned int, unsigned int)",32,512,0,80,0,128,"SQ_WAVES",5120.000000,6546659038874,6546659168034
9,9,"Agent 1",1,21528,21528,163840,27,"void mul_mat_vec_q<(MType)18, 1, false, 1, false>(void const*, void const*, void const*, float*, unsigned int, unsigned int, unsigned int, unsigned int)",32,512,0,80,0,128,"SQ_WAVE_CYCLES",483863830.000000,6546659038874,6546659168034
10,10,"Agent 1",1,21528,21528,163840,27,"void mul_mat_vec_q<(MType)18, 1, false, 1, false>(void const*, void const*, void const*, float*, unsigned int, unsigned int, unsigned int, unsigned int)",32,512,0,80,0,128,"GL2C_HIT",11967.000000,6546659375755,6546659504676
10,10,"Agent 1",1,21528,21528,163840,27,"void mul_mat_vec_q<(MType)18, 1, false, 1, false>(void const*, void const*, void const*, float*, unsigned int, unsigned int, unsigned int, unsigned int)",32,512,0,80,0,128,"GL2C_MISS",182704.000000,6546659375755,6546659504676
10,10,"Agent 1",1,21528,21528,163840,27,"void mul_mat_vec_q<(MType)18, 1, false, 1, false>(void const*, void const*, void const*, float*, unsigned int, unsigned int, unsigned int, unsigned int)",32,512,0,80,0,128,"GRBM_GUI_ACTIVE",384052.000000,6546659375755,6546659504676
10,10,"Agent 1",1,21528,21528,163840,27,"void mul_mat_vec_q<(MType)18, 1, false, 1, false>(void const*, void const*, void const*, float*, unsigned int, unsigned int, unsigned int, unsigned int)",32,512,0,80,0,128,"SQ_BUSY_CYCLES",9172423.000000,6546659375755,6546659504676
10,10,"Agent 1",1,21528,21528,163840,27,"void mul_mat_vec_q<(MType)18, 1, false, 1, false>(void const*, void const*, void const*, float*, unsigned int, unsigned int, unsigned int, unsigned int)",32,512,0,80,0,128,"SQ_INSTS_VALU",31841280.000000,6546659375755,6546659504676
10,10,"Agent 1",1,21528,21528,163840,27,"void mul_mat_vec_q<(MType)18, 1, false, 1, false>(void const*, void const*, void const*, float*, unsigned int, unsigned int, unsigned int, unsigned int)",32,512,0,80,0,128,"SQ_INST_CYCLES_VMEM",1807360.000000,6546659375755,6546659504676
10,10,"Agent 1",1,21528,21528,163840,27,"void mul_mat_vec_q<(MType)18, 1, false, 1, false>(void const*, void const*, void const*, float*, unsigned int, unsigned int, unsigned int, unsigned int)",32,512,0,80,0,128,"SQ_WAIT_INST_ANY",373614196.000000,6546659375755,6546659504676
10,10,"Agent 1",1,21528,21528,163840,27,"void mul_mat_vec_q<(MType)18, 1, false, 1, false>(void const*, void const*, void const*, float*, unsigned int, unsigned int, unsigned int, unsigned int)",32,512,0,80,0,128,"SQ_WAVES",5120.000000,6546659375755,6546659504676
10,10,"Agent 1",1,21528,21528,163840,27,"void mul_mat_vec_q<(MType)18, 1, false, 1, false>(void const*, void const*, void const*, float*, unsigned int, unsigned int, unsigned int, unsigned int)",32,512,0,80,0,128,"SQ_WAVE_CYCLES",484078570.000000,6546659375755,6546659504676
11,11,"Agent 1",1,21528,21528,163840,27,"void mul_mat_vec_q<(MType)18, 1, false, 1, false>(void const*, void const*, void const*, float*, unsigned int, unsigned int, unsigned int, unsigned int)",32,512,0,80,0,128,"GL2C_HIT",11918.000000,6546659698756,6546659827677
11,11,"Agent 1",1,21528,21528,163840,27,"void mul_mat_vec_q<(MType)18, 1, false, 1, false>(void const*, void const*, void const*, float*, unsigned int, unsigned int, unsigned int, unsigned int)",32,512,0,80,0,128,"GL2C_MISS",182802.000000,6546659698756,6546659827677
11,11,"Agent 1",1,21528,21528,163840,27,"void mul_mat_vec_q<(MType)18, 1, false, 1, false>(void const*, void const*, void const*, float*, unsigned int, unsigned int, unsigned int, unsigned int)",32,512,0,80,0,128,"GRBM_GUI_ACTIVE",383964.000000,6546659698756,6546659827677
11,11,"Agent 1",1,21528,21528,163840,27,"void mul_mat_vec_q<(MType)18, 1, false, 1, false>(void const*, void const*, void const*, float*, unsigned int, unsigned int, unsigned int, unsigned int)",32,512,0,80,0,128,"SQ_BUSY_CYCLES",9166621.000000,6546659698756,6546659827677
11,11,"Agent 1",1,21528,21528,163840,27,"void mul_mat_vec_q<(MType)18, 1, false, 1, false>(void const*, void const*, void const*, float*, unsigned int, unsigned int, unsigned int, unsigned int)",32,512,0,80,0,128,"SQ_INSTS_VALU",31841280.000000,6546659698756,6546659827677
11,11,"Agent 1",1,21528,21528,163840,27,"void mul_mat_vec_q<(MType)18, 1, false, 1, false>(void const*, void const*, void const*, float*, unsigned int, unsigned int, unsigned int, unsigned int)",32,512,0,80,0,128,"SQ_INST_CYCLES_VMEM",1807360.000000,6546659698756,6546659827677
11,11,"Agent 1",1,21528,21528,163840,27,"void mul_mat_vec_q<(MType)18, 1, false, 1, false>(void const*, void const*, void const*, float*, unsigned int, unsigned int, unsigned int, unsigned int)",32,512,0,80,0,128,"SQ_WAIT_INST_ANY",373511530.000000,6546659698756,6546659827677
11,11,"Agent 1",1,21528,21528,163840,27,"void mul_mat_vec_q<(MType)18, 1, false, 1, false>(void const*, void const*, void const*, float*, unsigned int, unsigned int, unsigned int, unsigned int)",32,512,0,80,0,128,"SQ_WAVES",5120.000000,6546659698756,6546659827677
11,11,"Agent 1",1,21528,21528,163840,27,"void mul_mat_vec_q<(MType)18, 1, false, 1, false>(void const*, void const*, void const*, float*, unsigned int, unsigned int, unsigned int, unsigned int)",32,512,0,80,0,128,"SQ_WAVE_CYCLES",483876070.000000,6546659698756,6546659827677
12,12,"Agent 1",1,21528,21528,163840,27,"void mul_mat_vec_q<(MType)18, 1, false, 1, false>(void const*, void const*, void const*, float*, unsigned int, unsigned int, unsigned int, unsigned int)",32,512,0,80,0,128,"GL2C_HIT",11962.000000,6546660026438,6546660155318
12,12,"Agent 1",1,21528,21528,163840,27,"void mul_mat_vec_q<(MType)18, 1, false, 1, false>(void const*, void const*, void const*, float*, unsigned int, unsigned int, unsigned int, unsigned int)",32,512,0,80,0,128,"GL2C_MISS",182781.000000,6546660026438,6546660155318
12,12,"Agent 1",1,21528,21528,163840,27,"void mul_mat_vec_q<(MType)18, 1, false, 1, false>(void const*, void const*, void const*, float*, unsigned int, unsigned int, unsigned int, unsigned int)",32,512,0,80,0,128,"GRBM_GUI_ACTIVE",384731.000000,6546660026438,6546660155318
12,12,"Agent 1",1,21528,21528,163840,27,"void mul_mat_vec_q<(MType)18, 1, false, 1, false>(void const*, void const*, void const*, float*, unsigned int, unsigned int, unsigned int, unsigned int)",32,512,0,80,0,128,"SQ_BUSY_CYCLES",9160851.000000,6546660026438,6546660155318
12,12,"Agent 1",1,21528,21528,163840,27,"void mul_mat_vec_q<(MType)18, 1, false, 1, false>(void const*, void const*, void const*, float*, unsigned int, unsigned int, unsigned int, unsigned int)",32,512,0,80,0,128,"SQ_INSTS_VALU",31841280.000000,6546660026438,6546660155318
12,12,"Agent 1",1,21528,21528,163840,27,"void mul_mat_vec_q<(MType)18, 1, false, 1, false>(void const*, void const*, void const*, float*, unsigned int, unsigned int, unsigned int, unsigned int)",32,512,0,80,0,128,"SQ_INST_CYCLES_VMEM",1807360.000000,6546660026438,6546660155318
12,12,"Agent 1",1,21528,21528,163840,27,"void mul_mat_vec_q<(MType)18, 1, false, 1, false>(void const*, void const*, void const*, float*, unsigned int, unsigned int, unsigned int, unsigned int)",32,512,0,80,0,128,"SQ_WAIT_INST_ANY",373545747.000000,6546660026438,6546660155318
12,12,"Agent 1",1,21528,21528,163840,27,"void mul_mat_vec_q<(MType)18, 1, false, 1, false>(void const*, void const*, void const*, float*, unsigned int, unsigned int, unsigned int, unsigned int)",32,512,0,80,0,128,"SQ_WAVES",5120.000000,6546660026438,6546660155318
12,12,"Agent 1",1,21528,21528,163840,27,"void mul_mat_vec_q<(MType)18, 1, false, 1, false>(void const*, void const*, void const*, float*, unsigned int, unsigned int, unsigned int, unsigned int)",32,512,0,80,0,128,"SQ_WAVE_CYCLES",483752713.000000,6546660026438,6546660155318
13,13,"Agent 1",1,21528,21528,163840,27,"void mul_mat_vec_q<(MType)18, 1, false, 1, false>(void const*, void const*, void const*, float*, unsigned int, unsigned int, unsigned int, unsigned int)",32,512,0,80,0,128,"GL2C_HIT",11901.000000,6546660361679,6546660490719
13,13,"Agent 1",1,21528,21528,163840,27,"void mul_mat_vec_q<(MType)18, 1, false, 1, false>(void const*, void const*, void const*, float*, unsigned int, unsigned int, unsigned int, unsigned int)",32,512,0,80,0,128,"GL2C_MISS",182695.000000,6546660361679,6546660490719
13,13,"Agent 1",1,21528,21528,163840,27,"void mul_mat_vec_q<(MType)18, 1, false, 1, false>(void const*, void const*, void const*, float*, unsigned int, unsigned int, unsigned int, unsigned int)",32,512,0,80,0,128,"GRBM_GUI_ACTIVE",384610.000000,6546660361679,6546660490719
13,13,"Agent 1",1,21528,21528,163840,27,"void mul_mat_vec_q<(MType)18, 1, false, 1, false>(void const*, void const*, void const*, float*, unsigned int, unsigned int, unsigned int, unsigned int)",32,512,0,80,0,128,"SQ_BUSY_CYCLES",9155443.000000,6546660361679,6546660490719
13,13,"Agent 1",1,21528,21528,163840,27,"void mul_mat_vec_q<(MType)18, 1, false, 1, false>(void const*, void const*, void const*, float*, unsigned int, unsigned int, unsigned int, unsigned int)",32,512,0,80,0,128,"SQ_INSTS_VALU",31841280.000000,6546660361679,6546660490719
13,13,"Agent 1",1,21528,21528,163840,27,"void mul_mat_vec_q<(MType)18, 1, false, 1, false>(void const*, void const*, void const*, float*, unsigned int, unsigned int, unsigned int, unsigned int)",32,512,0,80,0,128,"SQ_INST_CYCLES_VMEM",1807360.000000,6546660361679,6546660490719
13,13,"Agent 1",1,21528,21528,163840,27,"void mul_mat_vec_q<(MType)18, 1, false, 1, false>(void const*, void const*, void const*, float*, unsigned int, unsigned int, unsigned int, unsigned int)",32,512,0,80,0,128,"SQ_WAIT_INST_ANY",373483944.000000,6546660361679,6546660490719
13,13,"Agent 1",1,21528,21528,163840,27,"void mul_mat_vec_q<(MType)18, 1, false, 1, false>(void const*, void const*, void const*, float*, unsigned int, unsigned int, unsigned int, unsigned int)",32,512,0,80,0,128,"SQ_WAVES",5120.000000,6546660361679,6546660490719
13,13,"Agent 1",1,21528,21528,163840,27,"void mul_mat_vec_q<(MType)18, 1, false, 1, false>(void const*, void const*, void const*, float*, unsigned int, unsigned int, unsigned int, unsigned int)",32,512,0,80,0,128,"SQ_WAVE_CYCLES",483551423.000000,6546660361679,6546660490719
14,14,"Agent 1",1,21528,21528,163840,27,"void mul_mat_vec_q<(MType)18, 1, false, 1, false>(void const*, void const*, void const*, float*, unsigned int, unsigned int, unsigned int, unsigned int)",32,512,0,80,0,128,"GL2C_HIT",11858.000000,6546660685960,6546660815560
14,14,"Agent 1",1,21528,21528,163840,27,"void mul_mat_vec_q<(MType)18, 1, false, 1, false>(void const*, void const*, void const*, float*, unsigned int, unsigned int, unsigned int, unsigned int)",32,512,0,80,0,128,"GL2C_MISS",183005.000000,6546660685960,6546660815560
14,14,"Agent 1",1,21528,21528,163840,27,"void mul_mat_vec_q<(MType)18, 1, false, 1, false>(void const*, void const*, void const*, float*, unsigned int, unsigned int, unsigned int, unsigned int)",32,512,0,80,0,128,"GRBM_GUI_ACTIVE",388916.000000,6546660685960,6546660815560
14,14,"Agent 1",1,21528,21528,163840,27,"void mul_mat_vec_q<(MType)18, 1, false, 1, false>(void const*, void const*, void const*, float*, unsigned int, unsigned int, unsigned int, unsigned int)",32,512,0,80,0,128,"SQ_BUSY_CYCLES",9170553.000000,6546660685960,6546660815560
14,14,"Agent 1",1,21528,21528,163840,27,"void mul_mat_vec_q<(MType)18, 1, false, 1, false>(void const*, void const*, void const*, float*, unsigned int, unsigned int, unsigned int, unsigned int)",32,512,0,80,0,128,"SQ_INSTS_VALU",31841280.000000,6546660685960,6546660815560
14,14,"Agent 1",1,21528,21528,163840,27,"void mul_mat_vec_q<(MType)18, 1, false, 1, false>(void const*, void const*, void const*, float*, unsigned int, unsigned int, unsigned int, unsigned int)",32,512,0,80,0,128,"SQ_INST_CYCLES_VMEM",1807360.000000,6546660685960,6546660815560
14,14,"Agent 1",1,21528,21528,163840,27,"void mul_mat_vec_q<(MType)18, 1, false, 1, false>(void const*, void const*, void const*, float*, unsigned int, unsigned int, unsigned int, unsigned int)",32,512,0,80,0,128,"SQ_WAIT_INST_ANY",373368935.000000,6546660685960,6546660815560
14,14,"Agent 1",1,21528,21528,163840,27,"void mul_mat_vec_q<(MType)18, 1, false, 1, false>(void const*, void const*, void const*, float*, unsigned int, unsigned int, unsigned int, unsigned int)",32,512,0,80,0,128,"SQ_WAVES",5120.000000,6546660685960,6546660815560
14,14,"Agent 1",1,21528,21528,163840,27,"void mul_mat_vec_q<(MType)18, 1, false, 1, false>(void const*, void const*, void const*, float*, unsigned int, unsigned int, unsigned int, unsigned int)",32,512,0,80,0,128,"SQ_WAVE_CYCLES",484419350.000000,6546660685960,6546660815560
15,15,"Agent 1",1,21528,21528,163840,27,"void mul_mat_vec_q<(MType)18, 1, false, 1, false>(void const*, void const*, void const*, float*, unsigned int, unsigned int, unsigned int, unsigned int)",32,512,0,80,0,128,"GL2C_HIT",11921.000000,6546661013481,6546661142122
15,15,"Agent 1",1,21528,21528,163840,27,"void mul_mat_vec_q<(MType)18, 1, false, 1, false>(void const*, void const*, void const*, float*, unsigned int, unsigned int, unsigned int, unsigned int)",32,512,0,80,0,128,"GL2C_MISS",182675.000000,6546661013481,6546661142122
15,15,"Agent 1",1,21528,21528,163840,27,"void mul_mat_vec_q<(MType)18, 1, false, 1, false>(void const*, void const*, void const*, float*, unsigned int, unsigned int, unsigned int, unsigned int)",32,512,0,80,0,128,"GRBM_GUI_ACTIVE",385186.000000,6546661013481,6546661142122
15,15,"Agent 1",1,21528,21528,163840,27,"void mul_mat_vec_q<(MType)18, 1, false, 1, false>(void const*, void const*, void const*, float*, unsigned int, unsigned int, unsigned int, unsigned int)",32,512,0,80,0,128,"SQ_BUSY_CYCLES",9164495.000000,6546661013481,6546661142122
15,15,"Agent 1",1,21528,21528,163840,27,"void mul_mat_vec_q<(MType)18, 1, false, 1, false>(void const*, void const*, void const*, float*, unsigned int, unsigned int, unsigned int, unsigned int)",32,512,0,80,0,128,"SQ_INSTS_VALU",31841280.000000,6546661013481,6546661142122
15,15,"Agent 1",1,21528,21528,163840,27,"void mul_mat_vec_q<(MType)18, 1, false, 1, false>(void const*, void const*, void const*, float*, unsigned int, unsigned int, unsigned int, unsigned int)",32,512,0,80,0,128,"SQ_INST_CYCLES_VMEM",1807360.000000,6546661013481,6546661142122
15,15,"Agent 1",1,21528,21528,163840,27,"void mul_mat_vec_q<(MType)18, 1, false, 1, false>(void const*, void const*, void const*, float*, unsigned int, unsigned int, unsigned int, unsigned int)",32,512,0,80,0,128,"SQ_WAIT_INST_ANY",373494388.000000,6546661013481,6546661142122
15,15,"Agent 1",1,21528,21528,163840,27,"void mul_mat_vec_q<(MType)18, 1, false, 1, false>(void const*, void const*, void const*, float*, unsigned int, unsigned int, unsigned int, unsigned int)",32,512,0,80,0,128,"SQ_WAVES",5120.000000,6546661013481,6546661142122
15,15,"Agent 1",1,21528,21528,163840,27,"void mul_mat_vec_q<(MType)18, 1, false, 1, false>(void const*, void const*, void const*, float*, unsigned int, unsigned int, unsigned int, unsigned int)",32,512,0,80,0,128,"SQ_WAVE_CYCLES",483725856.000000,6546661013481,6546661142122
16,16,"Agent 1",1,21528,21528,163840,27,"void mul_mat_vec_q<(MType)18, 1, false, 1, false>(void const*, void const*, void const*, float*, unsigned int, unsigned int, unsigned int, unsigned int)",32,512,0,80,0,128,"GL2C_HIT",11919.000000,6546661352842,6546661481723
16,16,"Agent 1",1,21528,21528,163840,27,"void mul_mat_vec_q<(MType)18, 1, false, 1, false>(void const*, void const*, void const*, float*, unsigned int, unsigned int, unsigned int, unsigned int)",32,512,0,80,0,128,"GL2C_MISS",182749.000000,6546661352842,6546661481723
16,16,"Agent 1",1,21528,21528,163840,27,"void mul_mat_vec_q<(MType)18, 1, false, 1, false>(void const*, void const*, void const*, float*, unsigned int, unsigned int, unsigned int, unsigned int)",32,512,0,80,0,128,"GRBM_GUI_ACTIVE",383713.000000,6546661352842,6546661481723
16,16,"Agent 1",1,21528,21528,163840,27,"void mul_mat_vec_q<(MType)18, 1, false, 1, false>(void const*, void const*, void const*, float*, unsigned int, unsigned int, unsigned int, unsigned int)",32,512,0,80,0,128,"SQ_BUSY_CYCLES",9146493.000000,6546661352842,6546661481723
16,16,"Agent 1",1,21528,21528,163840,27,"void mul_mat_vec_q<(MType)18, 1, false, 1, false>(void const*, void const*, void const*, float*, unsigned int, unsigned int, unsigned int, unsigned int)",32,512,0,80,0,128,"SQ_INSTS_VALU",31841280.000000,6546661352842,6546661481723
16,16,"Agent 1",1,21528,21528,163840,27,"void mul_mat_vec_q<(MType)18, 1, false, 1, false>(void const*, void const*, void const*, float*, unsigned int, unsigned int, unsigned int, unsigned int)",32,512,0,80,0,128,"SQ_INST_CYCLES_VMEM",1807360.000000,6546661352842,6546661481723
16,16,"Agent 1",1,21528,21528,163840,27,"void mul_mat_vec_q<(MType)18, 1, false, 1, false>(void const*, void const*, void const*, float*, unsigned int, unsigned int, unsigned int, unsigned int)",32,512,0,80,0,128,"SQ_WAIT_INST_ANY",373540885.000000,6546661352842,6546661481723
16,16,"Agent 1",1,21528,21528,163840,27,"void mul_mat_vec_q<(MType)18, 1, false, 1, false>(void const*, void const*, void const*, float*, unsigned int, unsigned int, unsigned int, unsigned int)",32,512,0,80,0,128,"SQ_WAVES",5120.000000,6546661352842,6546661481723
16,16,"Agent 1",1,21528,21528,163840,27,"void mul_mat_vec_q<(MType)18, 1, false, 1, false>(void const*, void const*, void const*, float*, unsigned int, unsigned int, unsigned int, unsigned int)",32,512,0,80,0,128,"SQ_WAVE_CYCLES",483569936.000000,6546661352842,6546661481723
17,17,"Agent 1",1,21528,21528,163840,27,"void mul_mat_vec_q<(MType)18, 1, false, 1, false>(void const*, void const*, void const*, float*, unsigned int, unsigned int, unsigned int, unsigned int)",32,512,0,80,0,128,"GL2C_HIT",11914.000000,6546661677404,6546661806004
17,17,"Agent 1",1,21528,21528,163840,27,"void mul_mat_vec_q<(MType)18, 1, false, 1, false>(void const*, void const*, void const*, float*, unsigned int, unsigned int, unsigned int, unsigned int)",32,512,0,80,0,128,"GL2C_MISS",182676.000000,6546661677404,6546661806004
17,17,"Agent 1",1,21528,21528,163840,27,"void mul_mat_vec_q<(MType)18, 1, false, 1, false>(void const*, void const*, void const*, float*, unsigned int, unsigned int, unsigned int, unsigned int)",32,512,0,80,0,128,"GRBM_GUI_ACTIVE",383892.000000,6546661677404,6546661806004
17,17,"Agent 1",1,21528,21528,163840,27,"void mul_mat_vec_q<(MType)18, 1, false, 1, false>(void const*, void const*, void const*, float*, unsigned int, unsigned int, unsigned int, unsigned int)",32,512,0,80,0,128,"SQ_BUSY_CYCLES",9164350.000000,6546661677404,6546661806004
17,17,"Agent 1",1,21528,21528,163840,27,"void mul_mat_vec_q<(MType)18, 1, false, 1, false>(void const*, void const*, void const*, float*, unsigned int, unsigned int, unsigned int, unsigned int)",32,512,0,80,0,128,"SQ_INSTS_VALU",31841280.000000,6546661677404,6546661806004
17,17,"Agent 1",1,21528,21528,163840,27,"void mul_mat_vec_q<(MType)18, 1, false, 1, false>(void const*, void const*, void const*, float*, unsigned int, unsigned int, unsigned int, unsigned int)",32,512,0,80,0,128,"SQ_INST_CYCLES_VMEM",1807360.000000,6546661677404,6546661806004
17,17,"Agent 1",1,21528,21528,163840,27,"void mul_mat_vec_q<(MType)18, 1, false, 1, false>(void const*, void const*, void const*, float*, unsigned int, unsigned int, unsigned int, unsigned int)",32,512,0,80,0,128,"SQ_WAIT_INST_ANY",373522138.000000,6546661677404,6546661806004
17,17,"Agent 1",1,21528,21528,163840,27,"void mul_mat_vec_q<(MType)18, 1, false, 1, false>(void const*, void const*, void const*, float*, unsigned int, unsigned int, unsigned int, unsigned int)",32,512,0,80,0,128,"SQ_WAVES",5120.000000,6546661677404,6546661806004
17,17,"Agent 1",1,21528,21528,163840,27,"void mul_mat_vec_q<(MType)18, 1, false, 1, false>(void const*, void const*, void const*, float*, unsigned int, unsigned int, unsigned int, unsigned int)",32,512,0,80,0,128,"SQ_WAVE_CYCLES",483895526.000000,6546661677404,6546661806004
18,18,"Agent 1",1,21528,21528,163840,27,"void mul_mat_vec_q<(MType)18, 1, false, 1, false>(void const*, void const*, void const*, float*, unsigned int, unsigned int, unsigned int, unsigned int)",32,512,0,80,0,128,"GL2C_HIT",11929.000000,6546662000085,6546662129325
18,18,"Agent 1",1,21528,21528,163840,27,"void mul_mat_vec_q<(MType)18, 1, false, 1, false>(void const*, void const*, void const*, float*, unsigned int, unsigned int, unsigned int, unsigned int)",32,512,0,80,0,128,"GL2C_MISS",182676.000000,6546662000085,6546662129325
18,18,"Agent 1",1,21528,21528,163840,27,"void mul_mat_vec_q<(MType)18, 1, false, 1, false>(void const*, void const*, void const*, float*, unsigned int, unsigned int, unsigned int, unsigned int)",32,512,0,80,0,128,"GRBM_GUI_ACTIVE",388046.000000,6546662000085,6546662129325
18,18,"Agent 1",1,21528,21528,163840,27,"void mul_mat_vec_q<(MType)18, 1, false, 1, false>(void const*, void const*, void const*, float*, unsigned int, unsigned int, unsigned int, unsigned int)",32,512,0,80,0,128,"SQ_BUSY_CYCLES",9160905.000000,6546662000085,6546662129325
18,18,"Agent 1",1,21528,21528,163840,27,"void mul_mat_vec_q<(MType)18, 1, false, 1, false>(void const*, void const*, void const*, float*, unsigned int, unsigned int, unsigned int, unsigned int)",32,512,0,80,0,128,"SQ_INSTS_VALU",31841280.000000,6546662000085,6546662129325
18,18,"Agent 1",1,21528,21528,163840,27,"void mul_mat_vec_q<(MType)18, 1, false, 1, false>(void const*, void const*, void const*, float*, unsigned int, unsigned int, unsigned int, unsigned int)",32,512,0,80,0,128,"SQ_INST_CYCLES_VMEM",1807360.000000,6546662000085,6546662129325
18,18,"Agent 1",1,21528,21528,163840,27,"void mul_mat_vec_q<(MType)18, 1, false, 1, false>(void const*, void const*, void const*, float*, unsigned int, unsigned int, unsigned int, unsigned int)",32,512,0,80,0,128,"SQ_WAIT_INST_ANY",373584620.000000,6546662000085,6546662129325
18,18,"Agent 1",1,21528,21528,163840,27,"void mul_mat_vec_q<(MType)18, 1, false, 1, false>(void const*, void const*, void const*, float*, unsigned int, unsigned int, unsigned int, unsigned int)",32,512,0,80,0,128,"SQ_WAVES",5120.000000,6546662000085,6546662129325
18,18,"Agent 1",1,21528,21528,163840,27,"void mul_mat_vec_q<(MType)18, 1, false, 1, false>(void const*, void const*, void const*, float*, unsigned int, unsigned int, unsigned int, unsigned int)",32,512,0,80,0,128,"SQ_WAVE_CYCLES",483924859.000000,6546662000085,6546662129325
19,19,"Agent 1",1,21528,21528,163840,27,"void mul_mat_vec_q<(MType)18, 1, false, 1, false>(void const*, void const*, void const*, float*, unsigned int, unsigned int, unsigned int, unsigned int)",32,512,0,80,0,128,"GL2C_HIT",11924.000000,6546662338606,6546662467527
19,19,"Agent 1",1,21528,21528,163840,27,"void mul_mat_vec_q<(MType)18, 1, false, 1, false>(void const*, void const*, void const*, float*, unsigned int, unsigned int, unsigned int, unsigned int)",32,512,0,80,0,128,"GL2C_MISS",182675.000000,6546662338606,6546662467527
19,19,"Agent 1",1,21528,21528,163840,27,"void mul_mat_vec_q<(MType)18, 1, false, 1, false>(void const*, void const*, void const*, float*, unsigned int, unsigned int, unsigned int, unsigned int)",32,512,0,80,0,128,"GRBM_GUI_ACTIVE",387566.000000,6546662338606,6546662467527
19,19,"Agent 1",1,21528,21528,163840,27,"void mul_mat_vec_q<(MType)18, 1, false, 1, false>(void const*, void const*, void const*, float*, unsigned int, unsigned int, unsigned int, unsigned int)",32,512,0,80,0,128,"SQ_BUSY_CYCLES",9152361.000000,6546662338606,6546662467527
19,19,"Agent 1",1,21528,21528,163840,27,"void mul_mat_vec_q<(MType)18, 1, false, 1, false>(void const*, void const*, void const*, float*, unsigned int, unsigned int, unsigned int, unsigned int)",32,512,0,80,0,128,"SQ_INSTS_VALU",31841280.000000,6546662338606,6546662467527
19,19,"Agent 1",1,21528,21528,163840,27,"void mul_mat_vec_q<(MType)18, 1, false, 1, false>(void const*, void const*, void const*, float*, unsigned int, unsigned int, unsigned int, unsigned int)",32,512,0,80,0,128,"SQ_INST_CYCLES_VMEM",1807360.000000,6546662338606,6546662467527
19,19,"Agent 1",1,21528,21528,163840,27,"void mul_mat_vec_q<(MType)18, 1, false, 1, false>(void const*, void const*, void const*, float*, unsigned int, unsigned int, unsigned int, unsigned int)",32,512,0,80,0,128,"SQ_WAIT_INST_ANY",373562747.000000,6546662338606,6546662467527
19,19,"Agent 1",1,21528,21528,163840,27,"void mul_mat_vec_q<(MType)18, 1, false, 1, false>(void const*, void const*, void const*, float*, unsigned int, unsigned int, unsigned int, unsigned int)",32,512,0,80,0,128,"SQ_WAVES",5120.000000,6546662338606,6546662467527
19,19,"Agent 1",1,21528,21528,163840,27,"void mul_mat_vec_q<(MType)18, 1, false, 1, false>(void const*, void const*, void const*, float*, unsigned int, unsigned int, unsigned int, unsigned int)",32,512,0,80,0,128,"SQ_WAVE_CYCLES",483707158.000000,6546662338606,6546662467527
20,20,"Agent 1",1,21528,21528,163840,27,"void mul_mat_vec_q<(MType)18, 1, false, 1, false>(void const*, void const*, void const*, float*, unsigned int, unsigned int, unsigned int, unsigned int)",32,512,0,80,0,128,"GL2C_HIT",11927.000000,6546662676369,6546662805249
20,20,"Agent 1",1,21528,21528,163840,27,"void mul_mat_vec_q<(MType)18, 1, false, 1, false>(void const*, void const*, void const*, float*, unsigned int, unsigned int, unsigned int, unsigned int)",32,512,0,80,0,128,"GL2C_MISS",182675.000000,6546662676369,6546662805249
20,20,"Agent 1",1,21528,21528,163840,27,"void mul_mat_vec_q<(MType)18, 1, false, 1, false>(void const*, void const*, void const*, float*, unsigned int, unsigned int, unsigned int, unsigned int)",32,512,0,80,0,128,"GRBM_GUI_ACTIVE",384373.000000,6546662676369,6546662805249
20,20,"Agent 1",1,21528,21528,163840,27,"void mul_mat_vec_q<(MType)18, 1, false, 1, false>(void const*, void const*, void const*, float*, unsigned int, unsigned int, unsigned int, unsigned int)",32,512,0,80,0,128,"SQ_BUSY_CYCLES",9149464.000000,6546662676369,6546662805249
20,20,"Agent 1",1,21528,21528,163840,27,"void mul_mat_vec_q<(MType)18, 1, false, 1, false>(void const*, void const*, void const*, float*, unsigned int, unsigned int, unsigned int, unsigned int)",32,512,0,80,0,128,"SQ_INSTS_VALU",31841280.000000,6546662676369,6546662805249
20,20,"Agent 1",1,21528,21528,163840,27,"void mul_mat_vec_q<(MType)18, 1, false, 1, false>(void const*, void const*, void const*, float*, unsigned int, unsigned int, unsigned int, unsigned int)",32,512,0,80,0,128,"SQ_INST_CYCLES_VMEM",1807360.000000,6546662676369,6546662805249
20,20,"Agent 1",1,21528,21528,163840,27,"void mul_mat_vec_q<(MType)18, 1, false, 1, false>(void const*, void const*, void const*, float*, unsigned int, unsigned int, unsigned int, unsigned int)",32,512,0,80,0,128,"SQ_WAIT_INST_ANY",373507148.000000,6546662676369,6546662805249
20,20,"Agent 1",1,21528,21528,163840,27,"void mul_mat_vec_q<(MType)18, 1, false, 1, false>(void const*, void const*, void const*, float*, unsigned int, unsigned int, unsigned int, unsigned int)",32,512,0,80,0,128,"SQ_WAVES",5120.000000,6546662676369,6546662805249
20,20,"Agent 1",1,21528,21528,163840,27,"void mul_mat_vec_q<(MType)18, 1, false, 1, false>(void const*, void const*, void const*, float*, unsigned int, unsigned int, unsigned int, unsigned int)",32,512,0,80,0,128,"SQ_WAVE_CYCLES",483965997.000000,6546662676369,6546662805249
21,21,"Agent 1",1,21528,21528,163840,27,"void mul_mat_vec_q<(MType)18, 1, false, 1, false>(void const*, void const*, void const*, float*, unsigned int, unsigned int, unsigned int, unsigned int)",32,512,0,80,0,128,"GL2C_HIT",11942.000000,6546663000730,6546663129771
21,21,"Agent 1",1,21528,21528,163840,27,"void mul_mat_vec_q<(MType)18, 1, false, 1, false>(void const*, void const*, void const*, float*, unsigned int, unsigned int, unsigned int, unsigned int)",32,512,0,80,0,128,"GL2C_MISS",182754.000000,6546663000730,6546663129771
21,21,"Agent 1",1,21528,21528,163840,27,"void mul_mat_vec_q<(MType)18, 1, false, 1, false>(void const*, void const*, void const*, float*, unsigned int, unsigned int, unsigned int, unsigned int)",32,512,0,80,0,128,"GRBM_GUI_ACTIVE",386174.000000,6546663000730,6546663129771
21,21,"Agent 1",1,21528,21528,163840,27,"void mul_mat_vec_q<(MType)18, 1, false, 1, false>(void const*, void const*, void const*, float*, unsigned int, unsigned int, unsigned int, unsigned int)",32,512,0,80,0,128,"SQ_BUSY_CYCLES",9158028.000000,6546663000730,6546663129771
21,21,"Agent 1",1,21528,21528,163840,27,"void mul_mat_vec_q<(MType)18, 1, false, 1, false>(void const*, void const*, void const*, float*, unsigned int, unsigned int, unsigned int, unsigned int)",32,512,0,80,0,128,"SQ_INSTS_VALU",31841280.000000,6546663000730,6546663129771
21,21,"Agent 1",1,21528,21528,163840,27,"void mul_mat_vec_q<(MType)18, 1, false, 1, false>(void const*, void const*, void const*, float*, unsigned int, unsigned int, unsigned int, unsigned int)",32,512,0,80,0,128,"SQ_INST_CYCLES_VMEM",1807360.000000,6546663000730,6546663129771
21,21,"Agent 1",1,21528,21528,163840,27,"void mul_mat_vec_q<(MType)18, 1, false, 1, false>(void const*, void const*, void const*, float*, unsigned int, unsigned int, unsigned int, unsigned int)",32,512,0,80,0,128,"SQ_WAIT_INST_ANY",373514877.000000,6546663000730,6546663129771
21,21,"Agent 1",1,21528,21528,163840,27,"void mul_mat_vec_q<(MType)18, 1, false, 1, false>(void const*, void const*, void const*, float*, unsigned int, unsigned int, unsigned int, unsigned int)",32,512,0,80,0,128,"SQ_WAVES",5120.000000,6546663000730,6546663129771
21,21,"Agent 1",1,21528,21528,163840,27,"void mul_mat_vec_q<(MType)18, 1, false, 1, false>(void const*, void const*, void const*, float*, unsigned int, unsigned int, unsigned int, unsigned int)",32,512,0,80,0,128,"SQ_WAVE_CYCLES",483748160.000000,6546663000730,6546663129771
22,22,"Agent 1",1,21528,21528,163840,27,"void mul_mat_vec_q<(MType)18, 1, false, 1, false>(void const*, void const*, void const*, float*, unsigned int, unsigned int, unsigned int, unsigned int)",32,512,0,80,0,128,"GL2C_HIT",11984.000000,6546663336732,6546663465613
22,22,"Agent 1",1,21528,21528,163840,27,"void mul_mat_vec_q<(MType)18, 1, false, 1, false>(void const*, void const*, void const*, float*, unsigned int, unsigned int, unsigned int, unsigned int)",32,512,0,80,0,128,"GL2C_MISS",182668.000000,6546663336732,6546663465613
22,22,"Agent 1",1,21528,21528,163840,27,"void mul_mat_vec_q<(MType)18, 1, false, 1, false>(void const*, void const*, void const*, float*, unsigned int, unsigned int, unsigned int, unsigned int)",32,512,0,80,0,128,"GRBM_GUI_ACTIVE",383629.000000,6546663336732,6546663465613
22,22,"Agent 1",1,21528,21528,163840,27,"void mul_mat_vec_q<(MType)18, 1, false, 1, false>(void const*, void const*, void const*, float*, unsigned int, unsigned int, unsigned int, unsigned int)",32,512,0,80,0,128,"SQ_BUSY_CYCLES",9158820.000000,6546663336732,6546663465613
22,22,"Agent 1",1,21528,21528,163840,27,"void mul_mat_vec_q<(MType)18, 1, false, 1, false>(void const*, void const*, void const*, float*, unsigned int, unsigned int, unsigned int, unsigned int)",32,512,0,80,0,128,"SQ_INSTS_VALU",31841280.000000,6546663336732,6546663465613
22,22,"Agent 1",1,21528,21528,163840,27,"void mul_mat_vec_q<(MType)18, 1, false, 1, false>(void const*, void const*, void const*, float*, unsigned int, unsigned int, unsigned int, unsigned int)",32,512,0,80,0,128,"SQ_INST_CYCLES_VMEM",1807360.000000,6546663336732,6546663465613
22,22,"Agent 1",1,21528,21528,163840,27,"void mul_mat_vec_q<(MType)18, 1, false, 1, false>(void const*, void const*, void const*, float*, unsigned int, unsigned int, unsigned int, unsigned int)",32,512,0,80,0,128,"SQ_WAIT_INST_ANY",373495523.000000,6546663336732,6546663465613
22,22,"Agent 1",1,21528,21528,163840,27,"void mul_mat_vec_q<(MType)18, 1, false, 1, false>(void const*, void const*, void const*, float*, unsigned int, unsigned int, unsigned int, unsigned int)",32,512,0,80,0,128,"SQ_WAVES",5120.000000,6546663336732,6546663465613
22,22,"Agent 1",1,21528,21528,163840,27,"void mul_mat_vec_q<(MType)18, 1, false, 1, false>(void const*, void const*, void const*, float*, unsigned int, unsigned int, unsigned int, unsigned int)",32,512,0,80,0,128,"SQ_WAVE_CYCLES",483737047.000000,6546663336732,6546663465613
23,23,"Agent 1",1,21528,21528,163840,27,"void mul_mat_vec_q<(MType)18, 1, false, 1, false>(void const*, void const*, void const*, float*, unsigned int, unsigned int, unsigned int, unsigned int)",32,512,0,80,0,128,"GL2C_HIT",11932.000000,6546663660573,6546663789614
23,23,"Agent 1",1,21528,21528,163840,27,"void mul_mat_vec_q<(MType)18, 1, false, 1, false>(void const*, void const*, void const*, float*, unsigned int, unsigned int, unsigned int, unsigned int)",32,512,0,80,0,128,"GL2C_MISS",182749.000000,6546663660573,6546663789614
23,23,"Agent 1",1,21528,21528,163840,27,"void mul_mat_vec_q<(MType)18, 1, false, 1, false>(void const*, void const*, void const*, float*, unsigned int, unsigned int, unsigned int, unsigned int)",32,512,0,80,0,128,"GRBM_GUI_ACTIVE",385928.000000,6546663660573,6546663789614
23,23,"Agent 1",1,21528,21528,163840,27,"void mul_mat_vec_q<(MType)18, 1, false, 1, false>(void const*, void const*, void const*, float*, unsigned int, unsigned int, unsigned int, unsigned int)",32,512,0,80,0,128,"SQ_BUSY_CYCLES",9163718.000000,6546663660573,6546663789614
23,23,"Agent 1",1,21528,21528,163840,27,"void mul_mat_vec_q<(MType)18, 1, false, 1, false>(void const*, void const*, void const*, float*, unsigned int, unsigned int, unsigned int, unsigned int)",32,512,0,80,0,128,"SQ_INSTS_VALU",31841280.000000,6546663660573,6546663789614
23,23,"Agent 1",1,21528,21528,163840,27,"void mul_mat_vec_q<(MType)18, 1, false, 1, false>(void const*, void const*, void const*, float*, unsigned int, unsigned int, unsigned int, unsigned int)",32,512,0,80,0,128,"SQ_INST_CYCLES_VMEM",1807360.000000,6546663660573,6546663789614
23,23,"Agent 1",1,21528,21528,163840,27,"void mul_mat_vec_q<(MType)18, 1, false, 1, false>(void const*, void const*, void const*, float*, unsigned int, unsigned int, unsigned int, unsigned int)",32,512,0,80,0,128,"SQ_WAIT_INST_ANY",373550068.000000,6546663660573,6546663789614
23,23,"Agent 1",1,21528,21528,163840,27,"void mul_mat_vec_q<(MType)18, 1, false, 1, false>(void const*, void const*, void const*, float*, unsigned int, unsigned int, unsigned int, unsigned int)",32,512,0,80,0,128,"SQ_WAVES",5120.000000,6546663660573,6546663789614
23,23,"Agent 1",1,21528,21528,163840,27,"void mul_mat_vec_q<(MType)18, 1, false, 1, false>(void const*, void const*, void const*, float*, unsigned int, unsigned int, unsigned int, unsigned int)",32,512,0,80,0,128,"SQ_WAVE_CYCLES",483969196.000000,6546663660573,6546663789614
24,24,"Agent 1",1,21528,21528,163840,27,"void mul_mat_vec_q<(MType)18, 1, false, 1, false>(void const*, void const*, void const*, float*, unsigned int, unsigned int, unsigned int, unsigned int)",32,512,0,80,0,128,"GL2C_HIT",12009.000000,6546663983415,6546664112456
24,24,"Agent 1",1,21528,21528,163840,27,"void mul_mat_vec_q<(MType)18, 1, false, 1, false>(void const*, void const*, void const*, float*, unsigned int, unsigned int, unsigned int, unsigned int)",32,512,0,80,0,128,"GL2C_MISS",182638.000000,6546663983415,6546664112456
24,24,"Agent 1",1,21528,21528,163840,27,"void mul_mat_vec_q<(MType)18, 1, false, 1, false>(void const*, void const*, void const*, float*, unsigned int, unsigned int, unsigned int, unsigned int)",32,512,0,80,0,128,"GRBM_GUI_ACTIVE",384839.000000,6546663983415,6546664112456
24,24,"Agent 1",1,21528,21528,163840,27,"void mul_mat_vec_q<(MType)18, 1, false, 1, false>(void const*, void const*, void const*, float*, unsigned int, unsigned int, unsigned int, unsigned int)",32,512,0,80,0,128,"SQ_BUSY_CYCLES",9157629.000000,6546663983415,6546664112456
24,24,"Agent 1",1,21528,21528,163840,27,"void mul_mat_vec_q<(MType)18, 1, false, 1, false>(void const*, void const*, void const*, float*, unsigned int, unsigned int, unsigned int, unsigned int)",32,512,0,80,0,128,"SQ_INSTS_VALU",31841280.000000,6546663983415,6546664112456
24,24,"Agent 1",1,21528,21528,163840,27,"void mul_mat_vec_q<(MType)18, 1, false, 1, false>(void const*, void const*, void const*, float*, unsigned int, unsigned int, unsigned int, unsigned int)",32,512,0,80,0,128,"SQ_INST_CYCLES_VMEM",1807360.000000,6546663983415,6546664112456
24,24,"Agent 1",1,21528,21528,163840,27,"void mul_mat_vec_q<(MType)18, 1, false, 1, false>(void const*, void const*, void const*, float*, unsigned int, unsigned int, unsigned int, unsigned int)",32,512,0,80,0,128,"SQ_WAIT_INST_ANY",373616854.000000,6546663983415,6546664112456
24,24,"Agent 1",1,21528,21528,163840,27,"void mul_mat_vec_q<(MType)18, 1, false, 1, false>(void const*, void const*, void const*, float*, unsigned int, unsigned int, unsigned int, unsigned int)",32,512,0,80,0,128,"SQ_WAVES",5120.000000,6546663983415,6546664112456
24,24,"Agent 1",1,21528,21528,163840,27,"void mul_mat_vec_q<(MType)18, 1, false, 1, false>(void const*, void const*, void const*, float*, unsigned int, unsigned int, unsigned int, unsigned int)",32,512,0,80,0,128,"SQ_WAVE_CYCLES",483673444.000000,6546663983415,6546664112456
25,25,"Agent 1",1,21528,21528,163840,27,"void mul_mat_vec_q<(MType)18, 1, false, 1, false>(void const*, void const*, void const*, float*, unsigned int, unsigned int, unsigned int, unsigned int)",32,512,0,80,0,128,"GL2C_HIT",11936.000000,6546664319537,6546664448457
25,25,"Agent 1",1,21528,21528,163840,27,"void mul_mat_vec_q<(MType)18, 1, false, 1, false>(void const*, void const*, void const*, float*, unsigned int, unsigned int, unsigned int, unsigned int)",32,512,0,80,0,128,"GL2C_MISS",182747.000000,6546664319537,6546664448457
25,25,"Agent 1",1,21528,21528,163840,27,"void mul_mat_vec_q<(MType)18, 1, false, 1, false>(void const*, void const*, void const*, float*, unsigned int, unsigned int, unsigned int, unsigned int)",32,512,0,80,0,128,"GRBM_GUI_ACTIVE",384679.000000,6546664319537,6546664448457
25,25,"Agent 1",1,21528,21528,163840,27,"void mul_mat_vec_q<(MType)18, 1, false, 1, false>(void const*, void const*, void const*, float*, unsigned int, unsigned int, unsigned int, unsigned int)",32,512,0,80,0,128,"SQ_BUSY_CYCLES",9160456.000000,6546664319537,6546664448457
25,25,"Agent 1",1,21528,21528,163840,27,"void mul_mat_vec_q<(MType)18, 1, false, 1, false>(void const*, void const*, void const*, float*, unsigned int, unsigned int, unsigned int, unsigned int)",32,512,0,80,0,128,"SQ_INSTS_VALU",31841280.000000,6546664319537,6546664448457
25,25,"Agent 1",1,21528,21528,163840,27,"void mul_mat_vec_q<(MType)18, 1, false, 1, false>(void const*, void const*, void const*, float*, unsigned int, unsigned int, unsigned int, unsigned int)",32,512,0,80,0,128,"SQ_INST_CYCLES_VMEM",1807360.000000,6546664319537,6546664448457
25,25,"Agent 1",1,21528,21528,163840,27,"void mul_mat_vec_q<(MType)18, 1, false, 1, false>(void const*, void const*, void const*, float*, unsigned int, unsigned int, unsigned int, unsigned int)",32,512,0,80,0,128,"SQ_WAIT_INST_ANY",373504962.000000,6546664319537,6546664448457
25,25,"Agent 1",1,21528,21528,163840,27,"void mul_mat_vec_q<(MType)18, 1, false, 1, false>(void const*, void const*, void const*, float*, unsigned int, unsigned int, unsigned int, unsigned int)",32,512,0,80,0,128,"SQ_WAVES",5120.000000,6546664319537,6546664448457
25,25,"Agent 1",1,21528,21528,163840,27,"void mul_mat_vec_q<(MType)18, 1, false, 1, false>(void const*, void const*, void const*, float*, unsigned int, unsigned int, unsigned int, unsigned int)",32,512,0,80,0,128,"SQ_WAVE_CYCLES",483619211.000000,6546664319537,6546664448457
26,26,"Agent 1",1,21528,21528,163840,27,"void mul_mat_vec_q<(MType)18, 1, false, 1, false>(void const*, void const*, void const*, float*, unsigned int, unsigned int, unsigned int, unsigned int)",32,512,0,80,0,128,"GL2C_HIT",11986.000000,6546664643898,6546664772939
26,26,"Agent 1",1,21528,21528,163840,27,"void mul_mat_vec_q<(MType)18, 1, false, 1, false>(void const*, void const*, void const*, float*, unsigned int, unsigned int, unsigned int, unsigned int)",32,512,0,80,0,128,"GL2C_MISS",182674.000000,6546664643898,6546664772939
26,26,"Agent 1",1,21528,21528,163840,27,"void mul_mat_vec_q<(MType)18, 1, false, 1, false>(void const*, void const*, void const*, float*, unsigned int, unsigned int, unsigned int, unsigned int)",32,512,0,80,0,128,"GRBM_GUI_ACTIVE",385595.000000,6546664643898,6546664772939
26,26,"Agent 1",1,21528,21528,163840,27,"void mul_mat_vec_q<(MType)18, 1, false, 1, false>(void const*, void const*, void const*, float*, unsigned int, unsigned int, unsigned int, unsigned int)",32,512,0,80,0,128,"SQ_BUSY_CYCLES",9167164.000000,6546664643898,6546664772939
26,26,"Agent 1",1,21528,21528,163840,27,"void mul_mat_vec_q<(MType)18, 1, false, 1, false>(void const*, void const*, void const*, float*, unsigned int, unsigned int, unsigned int, unsigned int)",32,512,0,80,0,128,"SQ_INSTS_VALU",31841280.000000,6546664643898,6546664772939
26,26,"Agent 1",1,21528,21528,163840,27,"void mul_mat_vec_q<(MType)18, 1, false, 1, false>(void const*, void const*, void const*, float*, unsigned int, unsigned int, unsigned int, unsigned int)",32,512,0,80,0,128,"SQ_INST_CYCLES_VMEM",1807360.000000,6546664643898,6546664772939
26,26,"Agent 1",1,21528,21528,163840,27,"void mul_mat_vec_q<(MType)18, 1, false, 1, false>(void const*, void const*, void const*, float*, unsigned int, unsigned int, unsigned int, unsigned int)",32,512,0,80,0,128,"SQ_WAIT_INST_ANY",373538134.000000,6546664643898,6546664772939
26,26,"Agent 1",1,21528,21528,163840,27,"void mul_mat_vec_q<(MType)18, 1, false, 1, false>(void const*, void const*, void const*, float*, unsigned int, unsigned int, unsigned int, unsigned int)",32,512,0,80,0,128,"SQ_WAVES",5120.000000,6546664643898,6546664772939
26,26,"Agent 1",1,21528,21528,163840,27,"void mul_mat_vec_q<(MType)18, 1, false, 1, false>(void const*, void const*, void const*, float*, unsigned int, unsigned int, unsigned int, unsigned int)",32,512,0,80,0,128,"SQ_WAVE_CYCLES",483714188.000000,6546664643898,6546664772939
27,27,"Agent 1",1,21528,21528,163840,27,"void mul_mat_vec_q<(MType)18, 1, false, 1, false>(void const*, void const*, void const*, float*, unsigned int, unsigned int, unsigned int, unsigned int)",32,512,0,80,0,128,"GL2C_HIT",11953.000000,6546664967300,6546665096020
27,27,"Agent 1",1,21528,21528,163840,27,"void mul_mat_vec_q<(MType)18, 1, false, 1, false>(void const*, void const*, void const*, float*, unsigned int, unsigned int, unsigned int, unsigned int)",32,512,0,80,0,128,"GL2C_MISS",182733.000000,6546664967300,6546665096020
27,27,"Agent 1",1,21528,21528,163840,27,"void mul_mat_vec_q<(MType)18, 1, false, 1, false>(void const*, void const*, void const*, float*, unsigned int, unsigned int, unsigned int, unsigned int)",32,512,0,80,0,128,"GRBM_GUI_ACTIVE",384865.000000,6546664967300,6546665096020
27,27,"Agent 1",1,21528,21528,163840,27,"void mul_mat_vec_q<(MType)18, 1, false, 1, false>(void const*, void const*, void const*, float*, unsigned int, unsigned int, unsigned int, unsigned int)",32,512,0,80,0,128,"SQ_BUSY_CYCLES",9139229.000000,6546664967300,6546665096020
27,27,"Agent 1",1,21528,21528,163840,27,"void mul_mat_vec_q<(MType)18, 1, false, 1, false>(void const*, void const*, void const*, float*, unsigned int, unsigned int, unsigned int, unsigned int)",32,512,0,80,0,128,"SQ_INSTS_VALU",31841280.000000,6546664967300,6546665096020
27,27,"Agent 1",1,21528,21528,163840,27,"void mul_mat_vec_q<(MType)18, 1, false, 1, false>(void const*, void const*, void const*, float*, unsigned int, unsigned int, unsigned int, unsigned int)",32,512,0,80,0,128,"SQ_INST_CYCLES_VMEM",1807360.000000,6546664967300,6546665096020
27,27,"Agent 1",1,21528,21528,163840,27,"void mul_mat_vec_q<(MType)18, 1, false, 1, false>(void const*, void const*, void const*, float*, unsigned int, unsigned int, unsigned int, unsigned int)",32,512,0,80,0,128,"SQ_WAIT_INST_ANY",373510015.000000,6546664967300,6546665096020
27,27,"Agent 1",1,21528,21528,163840,27,"void mul_mat_vec_q<(MType)18, 1, false, 1, false>(void const*, void const*, void const*, float*, unsigned int, unsigned int, unsigned int, unsigned int)",32,512,0,80,0,128,"SQ_WAVES",5120.000000,6546664967300,6546665096020
27,27,"Agent 1",1,21528,21528,163840,27,"void mul_mat_vec_q<(MType)18, 1, false, 1, false>(void const*, void const*, void const*, float*, unsigned int, unsigned int, unsigned int, unsigned int)",32,512,0,80,0,128,"SQ_WAVE_CYCLES",483305239.000000,6546664967300,6546665096020
28,28,"Agent 1",1,21528,21528,163840,27,"void mul_mat_vec_q<(MType)18, 1, false, 1, false>(void const*, void const*, void const*, float*, unsigned int, unsigned int, unsigned int, unsigned int)",32,512,0,80,0,128,"GL2C_HIT",11905.000000,6546665301221,6546665430182
28,28,"Agent 1",1,21528,21528,163840,27,"void mul_mat_vec_q<(MType)18, 1, false, 1, false>(void const*, void const*, void const*, float*, unsigned int, unsigned int, unsigned int, unsigned int)",32,512,0,80,0,128,"GL2C_MISS",182738.000000,6546665301221,6546665430182
28,28,"Agent 1",1,21528,21528,163840,27,"void mul_mat_vec_q<(MType)18, 1, false, 1, false>(void const*, void const*, void const*, float*, unsigned int, unsigned int, unsigned int, unsigned int)",32,512,0,80,0,128,"GRBM_GUI_ACTIVE",384465.000000,6546665301221,6546665430182
28,28,"Agent 1",1,21528,21528,163840,27,"void mul_mat_vec_q<(MType)18, 1, false, 1, false>(void const*, void const*, void const*, float*, unsigned int, unsigned int, unsigned int, unsigned int)",32,512,0,80,0,128,"SQ_BUSY_CYCLES",9165100.000000,6546665301221,6546665430182
28,28,"Agent 1",1,21528,21528,163840,27,"void mul_mat_vec_q<(MType)18, 1, false, 1, false>(void const*, void const*, void const*, float*, unsigned int, unsigned int, unsigned int, unsigned int)",32,512,0,80,0,128,"SQ_INSTS_VALU",31841280.000000,6546665301221,6546665430182
28,28,"Agent 1",1,21528,21528,163840,27,"void mul_mat_vec_q<(MType)18, 1, false, 1, false>(void const*, void const*, void const*, float*, unsigned int, unsigned int, unsigned int, unsigned int)",32,512,0,80,0,128,"SQ_INST_CYCLES_VMEM",1807360.000000,6546665301221,6546665430182
28,28,"Agent 1",1,21528,21528,163840,27,"void mul_mat_vec_q<(MType)18, 1, false, 1, false>(void const*, void const*, void const*, float*, unsigned int, unsigned int, unsigned int, unsigned int)",32,512,0,80,0,128,"SQ_WAIT_INST_ANY",373552783.000000,6546665301221,6546665430182
28,28,"Agent 1",1,21528,21528,163840,27,"void mul_mat_vec_q<(MType)18, 1, false, 1, false>(void const*, void const*, void const*, float*, unsigned int, unsigned int, unsigned int, unsigned int)",32,512,0,80,0,128,"SQ_WAVES",5120.000000,6546665301221,6546665430182
28,28,"Agent 1",1,21528,21528,163840,27,"void mul_mat_vec_q<(MType)18, 1, false, 1, false>(void const*, void const*, void const*, float*, unsigned int, unsigned int, unsigned int, unsigned int)",32,512,0,80,0,128,"SQ_WAVE_CYCLES",483848762.000000,6546665301221,6546665430182
29,29,"Agent 1",1,21528,21528,163840,27,"void mul_mat_vec_q<(MType)18, 1, false, 1, false>(void const*, void const*, void const*, float*, unsigned int, unsigned int, unsigned int, unsigned int)",32,512,0,80,0,128,"GL2C_HIT",11929.000000,6546665624063,6546665752944
29,29,"Agent 1",1,21528,21528,163840,27,"void mul_mat_vec_q<(MType)18, 1, false, 1, false>(void const*, void const*, void const*, float*, unsigned int, unsigned int, unsigned int, unsigned int)",32,512,0,80,0,128,"GL2C_MISS",182735.000000,6546665624063,6546665752944
29,29,"Agent 1",1,21528,21528,163840,27,"void mul_mat_vec_q<(MType)18, 1, false, 1, false>(void const*, void const*, void const*, float*, unsigned int, unsigned int, unsigned int, unsigned int)",32,512,0,80,0,128,"GRBM_GUI_ACTIVE",384369.000000,6546665624063,6546665752944
29,29,"Agent 1",1,21528,21528,163840,27,"void mul_mat_vec_q<(MType)18, 1, false, 1, false>(void const*, void const*, void const*, float*, unsigned int, unsigned int, unsigned int, unsigned int)",32,512,0,80,0,128,"SQ_BUSY_CYCLES",9160338.000000,6546665624063,6546665752944
29,29,"Agent 1",1,21528,21528,163840,27,"void mul_mat_vec_q<(MType)18, 1, false, 1, false>(void const*, void const*, void const*, float*, unsigned int, unsigned int, unsigned int, unsigned int)",32,512,0,80,0,128,"SQ_INSTS_VALU",31841280.000000,6546665624063,6546665752944
29,29,"Agent 1",1,21528,21528,163840,27,"void mul_mat_vec_q<(MType)18, 1, false, 1, false>(void const*, void const*, void const*, float*, unsigned int, unsigned int, unsigned int, unsigned int)",32,512,0,80,0,128,"SQ_INST_CYCLES_VMEM",1807360.000000,6546665624063,6546665752944
29,29,"Agent 1",1,21528,21528,163840,27,"void mul_mat_vec_q<(MType)18, 1, false, 1, false>(void const*, void const*, void const*, float*, unsigned int, unsigned int, unsigned int, unsigned int)",32,512,0,80,0,128,"SQ_WAIT_INST_ANY",373435446.000000,6546665624063,6546665752944
29,29,"Agent 1",1,21528,21528,163840,27,"void mul_mat_vec_q<(MType)18, 1, false, 1, false>(void const*, void const*, void const*, float*, unsigned int, unsigned int, unsigned int, unsigned int)",32,512,0,80,0,128,"SQ_WAVES",5120.000000,6546665624063,6546665752944
29,29,"Agent 1",1,21528,21528,163840,27,"void mul_mat_vec_q<(MType)18, 1, false, 1, false>(void const*, void const*, void const*, float*, unsigned int, unsigned int, unsigned int, unsigned int)",32,512,0,80,0,128,"SQ_WAVE_CYCLES",483490027.000000,6546665624063,6546665752944
30,30,"Agent 1",1,21528,21528,163840,27,"void mul_mat_vec_q<(MType)18, 1, false, 1, false>(void const*, void const*, void const*, float*, unsigned int, unsigned int, unsigned int, unsigned int)",32,512,0,80,0,128,"GL2C_HIT",11917.000000,6546665947705,6546666076705
30,30,"Agent 1",1,21528,21528,163840,27,"void mul_mat_vec_q<(MType)18, 1, false, 1, false>(void const*, void const*, void const*, float*, unsigned int, unsigned int, unsigned int, unsigned int)",32,512,0,80,0,128,"GL2C_MISS",182790.000000,6546665947705,6546666076705
30,30,"Agent 1",1,21528,21528,163840,27,"void mul_mat_vec_q<(MType)18, 1, false, 1, false>(void const*, void const*, void const*, float*, unsigned int, unsigned int, unsigned int, unsigned int)",32,512,0,80,0,128,"GRBM_GUI_ACTIVE",386087.000000,6546665947705,6546666076705
30,30,"Agent 1",1,21528,21528,163840,27,"void mul_mat_vec_q<(MType)18, 1, false, 1, false>(void const*, void const*, void const*, float*, unsigned int, unsigned int, unsigned int, unsigned int)",32,512,0,80,0,128,"SQ_BUSY_CYCLES",9151230.000000,6546665947705,6546666076705
30,30,"Agent 1",1,21528,21528,163840,27,"void mul_mat_vec_q<(MType)18, 1, false, 1, false>(void const*, void const*, void const*, float*, unsigned int, unsigned int, unsigned int, unsigned int)",32,512,0,80,0,128,"SQ_INSTS_VALU",31841280.000000,6546665947705,6546666076705
30,30,"Agent 1",1,21528,21528,163840,27,"void mul_mat_vec_q<(MType)18, 1, false, 1, false>(void const*, void const*, void const*, float*, unsigned int, unsigned int, unsigned int, unsigned int)",32,512,0,80,0,128,"SQ_INST_CYCLES_VMEM",1807360.000000,6546665947705,6546666076705
30,30,"Agent 1",1,21528,21528,163840,27,"void mul_mat_vec_q<(MType)18, 1, false, 1, false>(void const*, void const*, void const*, float*, unsigned int, unsigned int, unsigned int, unsigned int)",32,512,0,80,0,128,"SQ_WAIT_INST_ANY",373529554.000000,6546665947705,6546666076705
30,30,"Agent 1",1,21528,21528,163840,27,"void mul_mat_vec_q<(MType)18, 1, false, 1, false>(void const*, void const*, void const*, float*, unsigned int, unsigned int, unsigned int, unsigned int)",32,512,0,80,0,128,"SQ_WAVES",5120.000000,6546665947705,6546666076705
30,30,"Agent 1",1,21528,21528,163840,27,"void mul_mat_vec_q<(MType)18, 1, false, 1, false>(void const*, void const*, void const*, float*, unsigned int, unsigned int, unsigned int, unsigned int)",32,512,0,80,0,128,"SQ_WAVE_CYCLES",483616721.000000,6546665947705,6546666076705
31,31,"Agent 1",1,21528,21528,163840,27,"void mul_mat_vec_q<(MType)18, 1, false, 1, false>(void const*, void const*, void const*, float*, unsigned int, unsigned int, unsigned int, unsigned int)",32,512,0,80,0,128,"GL2C_HIT",11900.000000,6546666288906,6546666417947
31,31,"Agent 1",1,21528,21528,163840,27,"void mul_mat_vec_q<(MType)18, 1, false, 1, false>(void const*, void const*, void const*, float*, unsigned int, unsigned int, unsigned int, unsigned int)",32,512,0,80,0,128,"GL2C_MISS",182750.000000,6546666288906,6546666417947
31,31,"Agent 1",1,21528,21528,163840,27,"void mul_mat_vec_q<(MType)18, 1, false, 1, false>(void const*, void const*, void const*, float*, unsigned int, unsigned int, unsigned int, unsigned int)",32,512,0,80,0,128,"GRBM_GUI_ACTIVE",385691.000000,6546666288906,6546666417947
31,31,"Agent 1",1,21528,21528,163840,27,"void mul_mat_vec_q<(MType)18, 1, false, 1, false>(void const*, void const*, void const*, float*, unsigned int, unsigned int, unsigned int, unsigned int)",32,512,0,80,0,128,"SQ_BUSY_CYCLES",9151153.000000,6546666288906,6546666417947
31,31,"Agent 1",1,21528,21528,163840,27,"void mul_mat_vec_q<(MType)18, 1, false, 1, false>(void const*, void const*, void const*, float*, unsigned int, unsigned int, unsigned int, unsigned int)",32,512,0,80,0,128,"SQ_INSTS_VALU",31841280.000000,6546666288906,6546666417947
31,31,"Agent 1",1,21528,21528,163840,27,"void mul_mat_vec_q<(MType)18, 1, false, 1, false>(void const*, void const*, void const*, float*, unsigned int, unsigned int, unsigned int, unsigned int)",32,512,0,80,0,128,"SQ_INST_CYCLES_VMEM",1807360.000000,6546666288906,6546666417947
31,31,"Agent 1",1,21528,21528,163840,27,"void mul_mat_vec_q<(MType)18, 1, false, 1, false>(void const*, void const*, void const*, float*, unsigned int, unsigned int, unsigned int, unsigned int)",32,512,0,80,0,128,"SQ_WAIT_INST_ANY",373523750.000000,6546666288906,6546666417947
31,31,"Agent 1",1,21528,21528,163840,27,"void mul_mat_vec_q<(MType)18, 1, false, 1, false>(void const*, void const*, void const*, float*, unsigned int, unsigned int, unsigned int, unsigned int)",32,512,0,80,0,128,"SQ_WAVES",5120.000000,6546666288906,6546666417947
31,31,"Agent 1",1,21528,21528,163840,27,"void mul_mat_vec_q<(MType)18, 1, false, 1, false>(void const*, void const*, void const*, float*, unsigned int, unsigned int, unsigned int, unsigned int)",32,512,0,80,0,128,"SQ_WAVE_CYCLES",483924615.000000,6546666288906,6546666417947
32,32,"Agent 1",1,21528,21528,163840,27,"void mul_mat_vec_q<(MType)18, 1, false, 1, false>(void const*, void const*, void const*, float*, unsigned int, unsigned int, unsigned int, unsigned int)",32,512,0,80,0,128,"GL2C_HIT",12006.000000,6546666611828,6546666740988
32,32,"Agent 1",1,21528,21528,163840,27,"void mul_mat_vec_q<(MType)18, 1, false, 1, false>(void const*, void const*, void const*, float*, unsigned int, unsigned int, unsigned int, unsigned int)",32,512,0,80,0,128,"GL2C_MISS",182657.000000,6546666611828,6546666740988
32,32,"Agent 1",1,21528,21528,163840,27,"void mul_mat_vec_q<(MType)18, 1, false, 1, false>(void const*, void const*, void const*, float*, unsigned int, unsigned int, unsigned int, unsigned int)",32,512,0,80,0,128,"GRBM_GUI_ACTIVE",384779.000000,6546666611828,6546666740988
32,32,"Agent 1",1,21528,21528,163840,27,"void mul_mat_vec_q<(MType)18, 1, false, 1, false>(void const*, void const*, void const*, float*, unsigned int, unsigned int, unsigned int, unsigned int)",32,512,0,80,0,128,"SQ_BUSY_CYCLES",9179999.000000,6546666611828,6546666740988
32,32,"Agent 1",1,21528,21528,163840,27,"void mul_mat_vec_q<(MType)18, 1, false, 1, false>(void const*, void const*, void const*, float*, unsigned int, unsigned int, unsigned int, unsigned int)",32,512,0,80,0,128,"SQ_INSTS_VALU",31841280.000000,6546666611828,6546666740988
32,32,"Agent 1",1,21528,21528,163840,27,"void mul_mat_vec_q<(MType)18, 1, false, 1, false>(void const*, void const*, void const*, float*, unsigned int, unsigned int, unsigned int, unsigned int)",32,512,0,80,0,128,"SQ_INST_CYCLES_VMEM",1807360.000000,6546666611828,6546666740988
32,32,"Agent 1",1,21528,21528,163840,27,"void mul_mat_vec_q<(MType)18, 1, false, 1, false>(void const*, void const*, void const*, float*, unsigned int, unsigned int, unsigned int, unsigned int)",32,512,0,80,0,128,"SQ_WAIT_INST_ANY",373546488.000000,6546666611828,6546666740988
32,32,"Agent 1",1,21528,21528,163840,27,"void mul_mat_vec_q<(MType)18, 1, false, 1, false>(void const*, void const*, void const*, float*, unsigned int, unsigned int, unsigned int, unsigned int)",32,512,0,80,0,128,"SQ_WAVES",5120.000000,6546666611828,6546666740988
32,32,"Agent 1",1,21528,21528,163840,27,"void mul_mat_vec_q<(MType)18, 1, false, 1, false>(void const*, void const*, void const*, float*, unsigned int, unsigned int, unsigned int, unsigned int)",32,512,0,80,0,128,"SQ_WAVE_CYCLES",484362606.000000,6546666611828,6546666740988
33,33,"Agent 1",1,21528,21528,163840,27,"void mul_mat_vec_q<(MType)18, 1, false, 1, false>(void const*, void const*, void const*, float*, unsigned int, unsigned int, unsigned int, unsigned int)",32,512,0,80,0,128,"GL2C_HIT",11976.000000,6546666934229,6546667063150
33,33,"Agent 1",1,21528,21528,163840,27,"void mul_mat_vec_q<(MType)18, 1, false, 1, false>(void const*, void const*, void const*, float*, unsigned int, unsigned int, unsigned int, unsigned int)",32,512,0,80,0,128,"GL2C_MISS",182645.000000,6546666934229,6546667063150
33,33,"Agent 1",1,21528,21528,163840,27,"void mul_mat_vec_q<(MType)18, 1, false, 1, false>(void const*, void const*, void const*, float*, unsigned int, unsigned int, unsigned int, unsigned int)",32,512,0,80,0,128,"GRBM_GUI_ACTIVE",384803.000000,6546666934229,6546667063150
33,33,"Agent 1",1,21528,21528,163840,27,"void mul_mat_vec_q<(MType)18, 1, false, 1, false>(void const*, void const*, void const*, float*, unsigned int, unsigned int, unsigned int, unsigned int)",32,512,0,80,0,128,"SQ_BUSY_CYCLES",9167320.000000,6546666934229,6546667063150
33,33,"Agent 1",1,21528,21528,163840,27,"void mul_mat_vec_q<(MType)18, 1, false, 1, false>(void const*, void const*, void const*, float*, unsigned int, unsigned int, unsigned int, unsigned int)",32,512,0,80,0,128,"SQ_INSTS_VALU",31841280.000000,6546666934229,6546667063150
33,33,"Agent 1",1,21528,21528,163840,27,"void mul_mat_vec_q<(MType)18, 1, false, 1, false>(void const*, void const*, void const*, float*, unsigned int, unsigned int, unsigned int, unsigned int)",32,512,0,80,0,128,"SQ_INST_CYCLES_VMEM",1807360.000000,6546666934229,6546667063150
33,33,"Agent 1",1,21528,21528,163840,27,"void mul_mat_vec_q<(MType)18, 1, false, 1, false>(void const*, void const*, void const*, float*, unsigned int, unsigned int, unsigned int, unsigned int)",32,512,0,80,0,128,"SQ_WAIT_INST_ANY",373601190.000000,6546666934229,6546667063150
33,33,"Agent 1",1,21528,21528,163840,27,"void mul_mat_vec_q<(MType)18, 1, false, 1, false>(void const*, void const*, void const*, float*, unsigned int, unsigned int, unsigned int, unsigned int)",32,512,0,80,0,128,"SQ_WAVES",5120.000000,6546666934229,6546667063150
33,33,"Agent 1",1,21528,21528,163840,27,"void mul_mat_vec_q<(MType)18, 1, false, 1, false>(void const*, void const*, void const*, float*, unsigned int, unsigned int, unsigned int, unsigned int)",32,512,0,80,0,128,"SQ_WAVE_CYCLES",483928139.000000,6546666934229,6546667063150
34,34,"Agent 1",1,21528,21528,163840,27,"void mul_mat_vec_q<(MType)18, 1, false, 1, false>(void const*, void const*, void const*, float*, unsigned int, unsigned int, unsigned int, unsigned int)",32,512,0,80,0,128,"GL2C_HIT",11917.000000,6546667270671,6546667399472
34,34,"Agent 1",1,21528,21528,163840,27,"void mul_mat_vec_q<(MType)18, 1, false, 1, false>(void const*, void const*, void const*, float*, unsigned int, unsigned int, unsigned int, unsigned int)",32,512,0,80,0,128,"GL2C_MISS",182677.000000,6546667270671,6546667399472
34,34,"Agent 1",1,21528,21528,163840,27,"void mul_mat_vec_q<(MType)18, 1, false, 1, false>(void const*, void const*, void const*, float*, unsigned int, unsigned int, unsigned int, unsigned int)",32,512,0,80,0,128,"GRBM_GUI_ACTIVE",385240.000000,6546667270671,6546667399472
34,34,"Agent 1",1,21528,21528,163840,27,"void mul_mat_vec_q<(MType)18, 1, false, 1, false>(void const*, void const*, void const*, float*, unsigned int, unsigned int, unsigned int, unsigned int)",32,512,0,80,0,128,"SQ_BUSY_CYCLES",9160153.000000,6546667270671,6546667399472
34,34,"Agent 1",1,21528,21528,163840,27,"void mul_mat_vec_q<(MType)18, 1, false, 1, false>(void const*, void const*, void const*, float*, unsigned int, unsigned int, unsigned int, unsigned int)",32,512,0,80,0,128,"SQ_INSTS_VALU",31841280.000000,6546667270671,6546667399472
34,34,"Agent 1",1,21528,21528,163840,27,"void mul_mat_vec_q<(MType)18, 1, false, 1, false>(void const*, void const*, void const*, float*, unsigned int, unsigned int, unsigned int, unsigned int)",32,512,0,80,0,128,"SQ_INST_CYCLES_VMEM",1807360.000000,6546667270671,6546667399472
34,34,"Agent 1",1,21528,21528,163840,27,"void mul_mat_vec_q<(MType)18, 1, false, 1, false>(void const*, void const*, void const*, float*, unsigned int, unsigned int, unsigned int, unsigned int)",32,512,0,80,0,128,"SQ_WAIT_INST_ANY",373569448.000000,6546667270671,6546667399472
34,34,"Agent 1",1,21528,21528,163840,27,"void mul_mat_vec_q<(MType)18, 1, false, 1, false>(void const*, void const*, void const*, float*, unsigned int, unsigned int, unsigned int, unsigned int)",32,512,0,80,0,128,"SQ_WAVES",5120.000000,6546667270671,6546667399472
34,34,"Agent 1",1,21528,21528,163840,27,"void mul_mat_vec_q<(MType)18, 1, false, 1, false>(void const*, void const*, void const*, float*, unsigned int, unsigned int, unsigned int, unsigned int)",32,512,0,80,0,128,"SQ_WAVE_CYCLES",483813405.000000,6546667270671,6546667399472
35,35,"Agent 1",1,21528,21528,163840,27,"void mul_mat_vec_q<(MType)18, 1, false, 1, false>(void const*, void const*, void const*, float*, unsigned int, unsigned int, unsigned int, unsigned int)",32,512,0,80,0,128,"GL2C_HIT",11951.000000,6546667593633,6546667722553
35,35,"Agent 1",1,21528,21528,163840,27,"void mul_mat_vec_q<(MType)18, 1, false, 1, false>(void const*, void const*, void const*, float*, unsigned int, unsigned int, unsigned int, unsigned int)",32,512,0,80,0,128,"GL2C_MISS",182692.000000,6546667593633,6546667722553
35,35,"Agent 1",1,21528,21528,163840,27,"void mul_mat_vec_q<(MType)18, 1, false, 1, false>(void const*, void const*, void const*, float*, unsigned int, unsigned int, unsigned int, unsigned int)",32,512,0,80,0,128,"GRBM_GUI_ACTIVE",385286.000000,6546667593633,6546667722553
35,35,"Agent 1",1,21528,21528,163840,27,"void mul_mat_vec_q<(MType)18, 1, false, 1, false>(void const*, void const*, void const*, float*, unsigned int, unsigned int, unsigned int, unsigned int)",32,512,0,80,0,128,"SQ_BUSY_CYCLES",9162657.000000,6546667593633,6546667722553
35,35,"Agent 1",1,21528,21528,163840,27,"void mul_mat_vec_q<(MType)18, 1, false, 1, false>(void const*, void const*, void const*, float*, unsigned int, unsigned int, unsigned int, unsigned int)",32,512,0,80,0,128,"SQ_INSTS_VALU",31841280.000000,6546667593633,6546667722553
35,35,"Agent 1",1,21528,21528,163840,27,"void mul_mat_vec_q<(MType)18, 1, false, 1, false>(void const*, void const*, void const*, float*, unsigned int, unsigned int, unsigned int, unsigned int)",32,512,0,80,0,128,"SQ_INST_CYCLES_VMEM",1807360.000000,6546667593633,6546667722553
35,35,"Agent 1",1,21528,21528,163840,27,"void mul_mat_vec_q<(MType)18, 1, false, 1, false>(void const*, void const*, void const*, float*, unsigned int, unsigned int, unsigned int, unsigned int)",32,512,0,80,0,128,"SQ_WAIT_INST_ANY",373505816.000000,6546667593633,6546667722553
35,35,"Agent 1",1,21528,21528,163840,27,"void mul_mat_vec_q<(MType)18, 1, false, 1, false>(void const*, void const*, void const*, float*, unsigned int, unsigned int, unsigned int, unsigned int)",32,512,0,80,0,128,"SQ_WAVES",5120.000000,6546667593633,6546667722553
35,35,"Agent 1",1,21528,21528,163840,27,"void mul_mat_vec_q<(MType)18, 1, false, 1, false>(void const*, void const*, void const*, float*, unsigned int, unsigned int, unsigned int, unsigned int)",32,512,0,80,0,128,"SQ_WAVE_CYCLES",484014672.000000,6546667593633,6546667722553
