"Name","Calls","TotalDurationNs","AverageNs","Percentage","MinNs","MaxNs","StdDev"
"void flash_attn_tile<256, 256, 16, 2, false>(char const*, char const*, char const*, char const*, char const*, int const*, float*, HIP_vector_type<float, 2u>*, float, float, float, float, unsigned int, float, int, HIP_vector_type<unsigned int, 3u>, int, int, int, int, int, int, int, int, int, int, int, long, int, int, long, int, int, int, int, int, long)",4048,329749884962,81459951.818676,59.42,653684,352488015,65853452.390221
"void mul_mat_q<(ggml_type)18, 128, false>(char const*, int const*, int const*, int const*, float*, float*, float const*, HIP_vector_type<unsigned int, 3u>, int, int, int, int, int, HIP_vector_type<unsigned int, 3u>, HIP_vector_type<unsigned int, 3u>, int, int, int, HIP_vector_type<unsigned int, 3u>, HIP_vector_type<unsigned int, 3u>, int, int, int, HIP_vector_type<unsigned int, 3u>)",72576,160783564929,2215382.012359,28.97,958330,20889478,2330483.815706
"void mul_mat_q<(ggml_type)21, 128, false>(char const*, int const*, int const*, int const*, float*, float*, float const*, HIP_vector_type<unsigned int, 3u>, int, int, int, int, int, HIP_vector_type<unsigned int, 3u>, HIP_vector_type<unsigned int, 3u>, int, int, int, HIP_vector_type<unsigned int, 3u>, HIP_vector_type<unsigned int, 3u>, int, int, int, HIP_vector_type<unsigned int, 3u>)",24192,24677434025,1020065.890584,4.45,278121,17548919,1118142.868230
"void gated_delta_net_cuda<128, false, false>(float const*, float const*, float const*, float const*, float const*, float const*, float*, float*, long, long, long, long, long, long, long, long, long, long, long, long, HIP_vector_type<unsigned int, 3u>, HIP_vector_type<unsigned int, 3u>, float, long, int)",14016,14554915813,1038450.043736,2.62,5440,9879110,1103695.605847
"void quantize_mmq_q8_1<(mmq_q8_1_ds_layout)0, false>(float const*, int const*, void*, long, long, long, long, long, int, int, int)",101200,3619092014,35761.778794,0.6522,1960,3586519,33752.965767
"void unary_gated_op_kernel<&(op_silu(float)), float>(float const*, float const*, float*, long, long, long, long)",30464,3515068230,115384.330029,0.6334,1160,1737410,76244.086080
"void dequantize_block_q4_0<__half>(void const*, __half*, int)",9344,3091708717,330876.360980,0.5572,1560,4849196,217752.088323
"void concat_non_cont<unsigned int, 0>(char const*, char const*, char*, long, long, long, long, unsigned long, unsigned long, unsigned long, unsigned long, long, long, long, long, unsigned long, unsigned long, unsigned long, unsigned long, long, long, long, long, unsigned long, unsigned long, unsigned long, unsigned long)",12336,2377810012,192753.729896,0.4285,19560,903725,28111.938219
"void rms_norm_f32<256, true, false>(float const*, float*, int, long, long, long, float, float const*, long, long, long, HIP_vector_type<unsigned int, 3u>, HIP_vector_type<unsigned int, 3u>, HIP_vector_type<unsigned int, 3u>, HIP_vector_type<unsigned int, 3u>, float const*, long, long, long, HIP_vector_type<unsigned int, 3u>, HIP_vector_type<unsigned int, 3u>, HIP_vector_type<unsigned int, 3u>, HIP_vector_type<unsigned int, 3u>)",23360,1626495415,69627.372217,0.2931,1480,4858246,57276.861727
"void k_bin_bcast<&(op_add(float, float)), float, float, float, float const*>(float const*, float const*, float*, unsigned int, unsigned int, unsigned int, HIP_vector_type<unsigned int, 3u>, HIP_vector_type<unsigned int, 3u>, HIP_vector_type<unsigned int, 3u>, HIP_vector_type<unsigned int, 3u>, HIP_vector_type<unsigned int, 3u>, unsigned int, unsigned int, unsigned int, unsigned int, unsigned int, unsigned int, unsigned int, unsigned int, unsigned int, unsigned int, unsigned int, float const*)",48592,1195961336,24612.309351,0.2155,1560,619165,16159.314879
"void rms_norm_f32<1024, true, false>(float const*, float*, int, long, long, long, float, float const*, long, long, long, HIP_vector_type<unsigned int, 3u>, HIP_vector_type<unsigned int, 3u>, HIP_vector_type<unsigned int, 3u>, HIP_vector_type<unsigned int, 3u>, float const*, long, long, long, HIP_vector_type<unsigned int, 3u>, HIP_vector_type<unsigned int, 3u>, HIP_vector_type<unsigned int, 3u>, HIP_vector_type<unsigned int, 3u>)",37668,1144858372,30393.394181,0.2063,3440,375683,11652.518782
"void mul_mat_q<(ggml_type)23, 128, false>(char const*, int const*, int const*, int const*, float*, float*, float const*, HIP_vector_type<unsigned int, 3u>, int, int, int, int, int, HIP_vector_type<unsigned int, 3u>, HIP_vector_type<unsigned int, 3u>, int, int, int, HIP_vector_type<unsigned int, 3u>, HIP_vector_type<unsigned int, 3u>, int, int, int, HIP_vector_type<unsigned int, 3u>)",4032,1000802330,248214.863591,0.1804,241242,3191189,47576.052644
"void ssm_conv_long_token_f32<true, 128ul, 4ul, 32l>(float const*, float const*, float const*, int, int, int, int, float*, int, int, int, long)",12096,952440600,78740.128968,0.1716,75481,3314210,40086.235464
"void convert_unary<float, __half>(void const*, __half*, long, long, long, HIP_vector_type<unsigned int, 3u>, long, long, long)",24288,931985857,38372.276721,0.1680,2720,696368,5899.656262
"void mul_mat_vec_q<(ggml_type)18, 1, true, false, false>(void const*, void const*, int const*, ggml_cuda_mm_fusion_args_device, float*, unsigned int, HIP_vector_type<unsigned int, 3u>, unsigned int, unsigned int, unsigned int, HIP_vector_type<unsigned int, 3u>, unsigned int, unsigned int, unsigned int, HIP_vector_type<unsigned int, 3u>, unsigned int, unsigned int, unsigned int, unsigned int)",4480,853086736,190421.146429,0.1537,126161,430445,62752.410572
"void rope_multi<true, false, float>(float const*, float*, int, int, int, int, int, int, int, int, int, int, int, int const*, float, float, float, rope_corr_dims, float, float const*, mrope_sections, bool, bool)",9344,741343268,79338.962757,0.1336,1960,917931,67320.972881
"Cijk_Alik_Bljk_HB_MT32x32x32_MI16x16x16x1_SN_1LDSB1_APM1_ABV0_ACED0_AF0EM1_AF1EM1_AMAS0_ASE_ASGT_ASLT_ASM_ASAE01_ASCE01_ASEM1_AAC0_BL1_BS1_CLR0_DTLA0_DTLB0_DTVA0_DTVB0_DVO0_ETSP_EPS1_ELFLR0_EMLL0_FSSC10_FL0_GLVWA4_GLVWB4_GRCGA1_GRCGB1_GRPM1_GRVW4_GSU1_GSUASB_GLS0_ISA1101_IU2_K1_KLA_LBSPPA128_LBSPPB128_LPA8_LPB8_LDL1_LRVW16_LWPMn1_LDW0_FMA_MIAV1_MDA2_MO40_MMFGLC_MKFGSU256_NTA0_NTB0_NTC0_NTD0_NEPBS0_NLCA1_NLCB1_ONLL1_OPLV0_PK0_PAP0_PGR1_PLR1_PKA0_SIA2_SLW1_SS1_SU0_SUM0_SUS0_SCIUI1_SPO0_SRVW0_SSO0_SVW1_SNLL0_TSGRA0_TSGRB0_TT1_16_TLDS1_UMLDSA1_UMLDSB1_U64SL1_USFGROn1_VAW2_VSn1_VW1_VWB1_VFLRP0_WSGRA1_WSGRB1_WS32_WG32_4_1_WGM4",24192,735139466,30387.709408,0.1325,28360,3911384,25786.772056
"void cpy_scalar<&(void cpy_1_scalar<float, float>(char const*, char*))>(char const*, char*, long, long, long, long, long, long, long, long, long, long, long, long, long, long, long)",18688,644915310,34509.594927,0.1162,2440,171562,55268.706892
"void flash_attn_tile<256, 256, 1, 2, false>(char const*, char const*, char const*, char const*, char const*, int const*, float*, HIP_vector_type<float, 2u>*, float, float, float, float, unsigned int, float, int, HIP_vector_type<unsigned int, 3u>, int, int, int, int, int, int, int, int, int, int, int, long, int, int, long, int, int, int, int, int, long)",560,596711413,1065556.094643,0.1075,1010932,1307016,28285.388703
"void l2_norm_f32<32>(float const*, float*, int, long, long, long, float)",28032,293356611,10465.061751,0.0529,1560,275122,4292.770296
"void mul_mat_vec_q<(ggml_type)18, 1, false, false, false>(void const*, void const*, int const*, ggml_cuda_mm_fusion_args_device, float*, unsigned int, HIP_vector_type<unsigned int, 3u>, unsigned int, unsigned int, unsigned int, HIP_vector_type<unsigned int, 3u>, unsigned int, unsigned int, unsigned int, HIP_vector_type<unsigned int, 3u>, unsigned int, unsigned int, unsigned int, unsigned int)",3360,212035629,63105.841964,0.0382,46961,244803,15472.591126
"void unary_gated_op_kernel<&(op_sigmoid(float)), float>(float const*, float const*, float*, long, long, long, long)",4672,172253037,36869.228810,0.0310,1840,464445,15893.338802
"void fwht_cuda<64>(float const*, float*, long, float)",9344,158126607,16922.796126,0.0285,1000,348523,15132.615565
"void k_get_rows_float_vec<float>(float const*, int const*, float*, long, long, HIP_vector_type<unsigned int, 3u>, unsigned long, unsigned long, unsigned long, unsigned long, unsigned long, unsigned long, unsigned long, unsigned long, unsigned long)",14016,157340850,11225.802654,0.0284,6720,257282,3513.249282
"void mul_mat_vec_q<(ggml_type)21, 1, false, false, false>(void const*, void const*, int const*, ggml_cuda_mm_fusion_args_device, float*, unsigned int, HIP_vector_type<unsigned int, 3u>, unsigned int, unsigned int, unsigned int, HIP_vector_type<unsigned int, 3u>, unsigned int, unsigned int, unsigned int, HIP_vector_type<unsigned int, 3u>, unsigned int, unsigned int, unsigned int, unsigned int)",2800,139055867,49662.809643,0.0251,10201,199163,25767.837292
"void fwht_cuda<256>(float const*, float*, long, float)",9344,116074047,12422.308112,0.0209,1160,256282,10456.539198
"_ZL16k_set_rows_quantIl10block_q4_0Li32ETnPFvPKfPT0_EXadL_ZL23quantize_f32_q4_0_blockS2_PS0_EEEvS2_PKT_S4_llllllllllllll15HIP_vector_typeIjLj3EESC_SC_SC_SC_",9344,102169489,10934.234696,0.0184,2800,43641,2956.254175
"void mul_mat_vec_q<(ggml_type)18, 4, false, false, false>(void const*, void const*, int const*, ggml_cuda_mm_fusion_args_device, float*, unsigned int, HIP_vector_type<unsigned int, 3u>, unsigned int, unsigned int, unsigned int, HIP_vector_type<unsigned int, 3u>, unsigned int, unsigned int, unsigned int, HIP_vector_type<unsigned int, 3u>, unsigned int, unsigned int, unsigned int, unsigned int)",576,81169196,140918.743056,0.0146,60481,420085,45493.850622
"void mul_mat_q<(ggml_type)18, 32, false>(char const*, int const*, int const*, int const*, float*, float*, float const*, HIP_vector_type<unsigned int, 3u>, int, int, int, int, int, HIP_vector_type<unsigned int, 3u>, HIP_vector_type<unsigned int, 3u>, int, int, int, HIP_vector_type<unsigned int, 3u>, HIP_vector_type<unsigned int, 3u>, int, int, int, HIP_vector_type<unsigned int, 3u>)",288,78638697,273051.031250,0.0142,134162,591247,81097.327268
"void mul_mat_vec_q<(ggml_type)18, 2, false, false, false>(void const*, void const*, int const*, ggml_cuda_mm_fusion_args_device, float*, unsigned int, HIP_vector_type<unsigned int, 3u>, unsigned int, unsigned int, unsigned int, HIP_vector_type<unsigned int, 3u>, unsigned int, unsigned int, unsigned int, HIP_vector_type<unsigned int, 3u>, unsigned int, unsigned int, unsigned int, unsigned int)",576,76602288,132990.083333,0.0138,51760,685085,90426.500641
"void flash_attn_tile<256, 256, 4, 2, false>(char const*, char const*, char const*, char const*, char const*, int const*, float*, HIP_vector_type<float, 2u>*, float, float, float, float, unsigned int, float, int, HIP_vector_type<unsigned int, 3u>, int, int, int, int, int, int, int, int, int, int, int, long, int, int, long, int, int, int, int, int, long)",32,69833590,2182299.687500,0.0126,2080505,3262119,215761.535517
"void dequantize_block_iq1_m<__half>(void const*, __half*)",24288,59059114,2431.617013,0.0106,1920,50880,490.100696
"void mul_mat_vec_q<(ggml_type)11, 1, false, false, false>(void const*, void const*, int const*, ggml_cuda_mm_fusion_args_device, float*, unsigned int, HIP_vector_type<unsigned int, 3u>, unsigned int, unsigned int, unsigned int, HIP_vector_type<unsigned int, 3u>, unsigned int, unsigned int, unsigned int, HIP_vector_type<unsigned int, 3u>, unsigned int, unsigned int, unsigned int, unsigned int)",39,56878736,1458429.128205,0.0103,1445937,1483178,10603.417622
"void convert_unary<__half, float>(void const*, float*, long, long, long, HIP_vector_type<unsigned int, 3u>, long, long, long)",24288,50049627,2060.673048,9.019e-03,1440,152681,1115.822446
"void k_get_rows_float<float, float>(float const*, int const*, float*, long, long, HIP_vector_type<unsigned int, 3u>, unsigned long, unsigned long, unsigned long, unsigned long, unsigned long, unsigned long, unsigned long, unsigned long, unsigned long)",14055,46519454,3309.815297,8.383e-03,1560,124521,1212.761510
"void k_bin_bcast<&(op_mul(float, float)), float, float, float, float const*>(float const*, float const*, float*, unsigned int, unsigned int, unsigned int, HIP_vector_type<unsigned int, 3u>, HIP_vector_type<unsigned int, 3u>, HIP_vector_type<unsigned int, 3u>, HIP_vector_type<unsigned int, 3u>, HIP_vector_type<unsigned int, 3u>, unsigned int, unsigned int, unsigned int, unsigned int, unsigned int, unsigned int, unsigned int, unsigned int, unsigned int, unsigned int, unsigned int, float const*)",12336,36142352,2929.827497,6.513e-03,1840,78760,776.880287
"void mul_mat_vec_q<(ggml_type)21, 1, true, false, false>(void const*, void const*, int const*, ggml_cuda_mm_fusion_args_device, float*, unsigned int, HIP_vector_type<unsigned int, 3u>, unsigned int, unsigned int, unsigned int, HIP_vector_type<unsigned int, 3u>, unsigned int, unsigned int, unsigned int, HIP_vector_type<unsigned int, 3u>, unsigned int, unsigned int, unsigned int, unsigned int)",560,28631765,51128.151786,5.160e-03,50160,53121,545.008103
"__amd_rocclr_fillBufferAligned",9,26929800,2992200.000000,4.853e-03,266602,8641730,3460636.847031
"void unary_op_kernel<&(op_sigmoid(float)), float>(float const*, float*, int)",14016,25757184,1837.698630,4.642e-03,920,114801,1002.768244
"quantize_q8_1(float const*, void*, long, long, long, long, long, unsigned int, HIP_vector_type<unsigned int, 3u>)",17143,25570933,1491.625328,4.608e-03,1200,157722,2128.847200
"void unary_op_kernel<&(op_softplus(float)), float>(float const*, float*, int)",12336,24318851,1971.372487,4.382e-03,960,509283,4588.844643
"void mul_mat_q<(ggml_type)21, 32, false>(char const*, int const*, int const*, int const*, float*, float*, float const*, HIP_vector_type<unsigned int, 3u>, int, int, int, int, int, HIP_vector_type<unsigned int, 3u>, HIP_vector_type<unsigned int, 3u>, int, int, int, HIP_vector_type<unsigned int, 3u>, HIP_vector_type<unsigned int, 3u>, int, int, int, HIP_vector_type<unsigned int, 3u>)",96,14386168,149855.916667,2.593e-03,75241,240442,46468.813285
"void mul_mat_vec_q<(ggml_type)29, 1, false, false, false>(void const*, void const*, int const*, ggml_cuda_mm_fusion_args_device, float*, unsigned int, HIP_vector_type<unsigned int, 3u>, unsigned int, unsigned int, unsigned int, HIP_vector_type<unsigned int, 3u>, unsigned int, unsigned int, unsigned int, HIP_vector_type<unsigned int, 3u>, unsigned int, unsigned int, unsigned int, unsigned int)",3360,12561611,3738.574702,2.264e-03,3240,118202,2012.012853
"void mul_mat_vec_q<(ggml_type)21, 4, false, false, false>(void const*, void const*, int const*, ggml_cuda_mm_fusion_args_device, float*, unsigned int, HIP_vector_type<unsigned int, 3u>, unsigned int, unsigned int, unsigned int, HIP_vector_type<unsigned int, 3u>, unsigned int, unsigned int, unsigned int, HIP_vector_type<unsigned int, 3u>, unsigned int, unsigned int, unsigned int, unsigned int)",192,12167898,63374.468750,2.193e-03,13480,125441,29970.887253
"void mul_mat_vec_q<(ggml_type)21, 2, false, false, false>(void const*, void const*, int const*, ggml_cuda_mm_fusion_args_device, float*, unsigned int, HIP_vector_type<unsigned int, 3u>, unsigned int, unsigned int, unsigned int, HIP_vector_type<unsigned int, 3u>, unsigned int, unsigned int, unsigned int, HIP_vector_type<unsigned int, 3u>, unsigned int, unsigned int, unsigned int, unsigned int)",192,11837550,61653.906250,2.133e-03,11040,466762,51999.444656
"__amd_rocclr_copyBuffer",1677,5495844,3277.187835,9.904e-04,2400,12640,621.868490
"void ssm_conv_f32<true, 128ul, 4ul>(float const*, float const*, float const*, int, int, int, int, float*, int, int, int, long)",1920,4466494,2326.298958,8.049e-04,1840,50240,1399.173156
"void mul_mat_vec_q<(ggml_type)23, 1, false, false, false>(void const*, void const*, int const*, ggml_cuda_mm_fusion_args_device, float*, unsigned int, HIP_vector_type<unsigned int, 3u>, unsigned int, unsigned int, unsigned int, HIP_vector_type<unsigned int, 3u>, unsigned int, unsigned int, unsigned int, HIP_vector_type<unsigned int, 3u>, unsigned int, unsigned int, unsigned int, unsigned int)",560,4140284,7393.364286,7.461e-04,7040,8880,232.483464
"void concat_cont<unsigned int, 0>(unsigned int const*, unsigned int const*, unsigned int*, long, long, long, long, long, long)",1680,3791364,2256.764286,6.832e-04,2040,4000,169.304035
"void unary_gated_op_kernel<&(op_softplus(float)), float>(float const*, float const*, float*, long, long, long, long)",1680,3366403,2003.811310,6.067e-04,1680,3960,146.040289
"void flash_attn_combine_results<256>(float const*, HIP_vector_type<float, 2u> const*, float*, int)",640,3101839,4846.623438,5.590e-04,2680,28920,2573.799114
"Cijk_Alik_Bljk_HB_MT32x32x32_MI16x16x16x1_SN_1LDSB1_APM1_ABV0_ACED0_AF0EM1_AF1EM1_AMAS0_ASE_ASGT_ASLT_ASM_ASAE01_ASCE01_ASEM1_AAC0_BL1_BS1_CLR0_DTLA0_DTLB0_DTVA0_DTVB0_DVO0_ETSP_EPS1_ELFLR0_EMLL0_FSSC10_FL0_GLVWA4_GLVWB4_GRCGA1_GRCGB1_GRPM1_GRVW4_GSU1_GSUASB_GLS0_ISA1101_IU2_K1_KLA_LBSPPA128_LBSPPB128_LPA8_LPB8_LDL1_LRVW16_LWPMn1_LDW0_FMA_MIAV1_MDA2_MO40_MMFGLC_MKFGSU256_NTA0_NTB0_NTC0_NTD0_NEPBS0_NLCA1_NLCB1_ONLL1_OPLV0_PK0_PAP0_PGR1_PLR1_PKA0_SIA2_SLW1_SS1_SU0_SUM0_SUS0_SCIUI1_SPO0_SRVW0_SSO0_SVW1_SNLL0_TSGRA0_TSGRB0_TT1_16_TLDS1_UMLDSA1_UMLDSB1_U64SL1_USFGROn1_VAW2_VSn1_VW1_VWB1_VFLRP0_WSGRA1_WSGRB1_WS32_WG32_4_1_WGM8",96,2252311,23461.572917,4.059e-04,21960,27881,1144.084619
"scale_f32(float const*, float*, float, float, long)",288,2006575,6967.274306,3.616e-04,1200,174561,14882.835280
"void mul_mat_q<(ggml_type)23, 32, false>(char const*, int const*, int const*, int const*, float*, float*, float const*, HIP_vector_type<unsigned int, 3u>, int, int, int, int, int, HIP_vector_type<unsigned int, 3u>, HIP_vector_type<unsigned int, 3u>, int, int, int, HIP_vector_type<unsigned int, 3u>, HIP_vector_type<unsigned int, 3u>, int, int, int, HIP_vector_type<unsigned int, 3u>)",16,1144295,71518.437500,2.062e-04,69721,76601,1519.615213
"void mul_mat_vec_q<(ggml_type)29, 4, false, false, false>(void const*, void const*, int const*, ggml_cuda_mm_fusion_args_device, float*, unsigned int, HIP_vector_type<unsigned int, 3u>, unsigned int, unsigned int, unsigned int, HIP_vector_type<unsigned int, 3u>, unsigned int, unsigned int, unsigned int, HIP_vector_type<unsigned int, 3u>, unsigned int, unsigned int, unsigned int, unsigned int)",192,1083135,5641.328125,1.952e-04,3840,176363,12404.739409
"void mul_mat_vec_q<(ggml_type)29, 2, false, false, false>(void const*, void const*, int const*, ggml_cuda_mm_fusion_args_device, float*, unsigned int, HIP_vector_type<unsigned int, 3u>, unsigned int, unsigned int, unsigned int, HIP_vector_type<unsigned int, 3u>, unsigned int, unsigned int, unsigned int, HIP_vector_type<unsigned int, 3u>, unsigned int, unsigned int, unsigned int, unsigned int)",192,1010609,5263.588542,1.821e-04,3240,59840,6973.549389
"void flash_attn_tile<256, 256, 2, 2, false>(char const*, char const*, char const*, char const*, char const*, int const*, float*, HIP_vector_type<float, 2u>*, float, float, float, float, unsigned int, float, int, HIP_vector_type<unsigned int, 3u>, int, int, int, int, int, int, int, int, int, int, int, long, int, int, long, int, int, int, int, int, long)",32,360601,11268.781250,6.498e-05,9840,41761,5574.599460
"void mul_mat_vec_q<(ggml_type)23, 2, false, false, false>(void const*, void const*, int const*, ggml_cuda_mm_fusion_args_device, float*, unsigned int, HIP_vector_type<unsigned int, 3u>, unsigned int, unsigned int, unsigned int, HIP_vector_type<unsigned int, 3u>, unsigned int, unsigned int, unsigned int, HIP_vector_type<unsigned int, 3u>, unsigned int, unsigned int, unsigned int, unsigned int)",32,298481,9327.531250,5.379e-05,7280,53640,8185.825408
"void mul_mat_vec_q<(ggml_type)23, 4, false, false, false>(void const*, void const*, int const*, ggml_cuda_mm_fusion_args_device, float*, unsigned int, HIP_vector_type<unsigned int, 3u>, unsigned int, unsigned int, unsigned int, HIP_vector_type<unsigned int, 3u>, unsigned int, unsigned int, unsigned int, HIP_vector_type<unsigned int, 3u>, unsigned int, unsigned int, unsigned int, unsigned int)",32,298241,9320.031250,5.375e-05,8640,9960,425.299931
